index,T0_K,phi,trajectory_mse,trajectory_mse_time_avg,status,is_training,is_held_out,is_additional
0,950.0,0.5,0.030147993937134743,0.0003014799393713474,ok,True,False,False
1,950.0,0.55,0.026259202510118484,0.0002625920251011848,ok,False,False,True
2,950.0,0.6,0.025987833738327026,0.00025987833738327025,ok,False,False,True
3,950.0,0.65,0.02663102187216282,0.0002663102187216282,ok,False,False,True
4,950.0,0.7,0.027448037639260292,0.0002744803763926029,ok,True,False,False
5,950.0,0.75,0.02835337072610855,0.0002835337072610855,ok,False,False,True
6,950.0,0.8,0.02936527319252491,0.0002936527319252491,ok,False,False,True
7,950.0,0.8500000000000001,0.03047616221010685,0.0003047616221010685,ok,False,False,True
8,950.0,0.9,0.03165174648165703,0.00031651746481657026,ok,True,False,False
9,950.0,0.95,0.032843492925167084,0.00032843492925167084,ok,False,False,True
10,950.0,1.0,0.033999957144260406,0.0003399995714426041,ok,False,False,True
11,950.0,1.05,0.035066161304712296,0.00035066161304712294,ok,False,False,True
12,950.0,1.1,0.03599422052502632,0.0003599422052502632,ok,True,False,False
13,950.0,1.15,0.0367472842335701,0.000367472842335701,ok,False,False,True
14,950.0,1.2000000000000002,0.0373077467083931,0.000373077467083931,ok,False,False,True
15,950.0,1.25,0.03768511116504669,0.0003768511116504669,ok,False,False,True
16,950.0,1.3,0.03792429715394974,0.00037924297153949736,ok,True,False,False
17,950.0,1.35,0.03810678422451019,0.0003810678422451019,ok,False,False,True
18,950.0,1.4,0.03835669159889221,0.00038356691598892214,ok,False,False,True
19,950.0,1.4500000000000002,0.03885108232498169,0.0003885108232498169,ok,False,False,True
20,950.0,1.5,0.03984875604510307,0.00039848756045103074,ok,True,False,False
21,962.5,0.5,0.044702865183353424,0.00044702865183353423,ok,False,False,True
22,962.5,0.55,0.07110685855150223,0.0007110685855150222,ok,False,False,True
23,962.5,0.6,0.08743669837713242,0.0008743669837713242,ok,False,False,True
24,962.5,0.65,0.09046871960163116,0.0009046871960163116,ok,False,False,True
25,962.5,0.7,0.0854998454451561,0.000854998454451561,ok,False,False,True
26,962.5,0.75,0.0778980478644371,0.0007789804786443711,ok,False,False,True
27,962.5,0.8,0.07041662931442261,0.0007041662931442261,ok,False,False,True
28,962.5,0.8500000000000001,0.06396720558404922,0.0006396720558404923,ok,False,False,True
29,962.5,0.9,0.058659277856349945,0.0005865927785634994,ok,False,False,True
30,962.5,0.95,0.05434003472328186,0.0005434003472328187,ok,False,False,True
31,962.5,1.0,0.050820354372262955,0.0005082035437226296,ok,False,False,True
32,962.5,1.05,0.04796186089515686,0.0004796186089515686,ok,False,False,True
33,962.5,1.1,0.0456722155213356,0.000456722155213356,ok,False,False,True
34,962.5,1.15,0.0438971146941185,0.000438971146941185,ok,False,False,True
35,962.5,1.2000000000000002,0.042594023048877716,0.0004259402304887772,ok,False,False,True
36,962.5,1.25,0.041710264980793,0.00041710264980793,ok,False,False,True
37,962.5,1.3,0.04115422070026398,0.0004115422070026398,ok,False,False,True
38,962.5,1.35,0.040768206119537354,0.00040768206119537356,ok,False,False,True
39,962.5,1.4,0.04029320925474167,0.00040293209254741667,ok,False,False,True
40,962.5,1.4500000000000002,0.03935805335640907,0.00039358053356409073,ok,False,False,True
41,962.5,1.5,0.037534646689891815,0.00037534646689891816,ok,False,False,True
42,975.0,0.5,1.8031017780303955,0.018031017780303957,ok,False,False,True
43,975.0,0.55,3.163440465927124,0.03163440465927124,ok,False,False,True
44,975.0,0.6,3.773068904876709,0.03773068904876709,ok,False,False,True
45,975.0,0.65,3.728118896484375,0.03728118896484375,ok,False,False,True
46,975.0,0.7,3.35074520111084,0.0335074520111084,ok,False,False,True
47,975.0,0.75,2.8699042797088623,0.028699042797088622,ok,False,False,True
48,975.0,0.8,2.4063596725463867,0.024063596725463866,ok,False,False,True
49,975.0,0.8500000000000001,2.0165579319000244,0.020165579319000246,ok,False,False,True
50,975.0,0.9,1.6746487617492676,0.016746487617492676,ok,False,False,True
51,975.0,0.95,1.5045692920684814,0.015045692920684814,ok,False,False,True
52,975.0,1.0,1.4390968084335327,0.014390968084335327,ok,False,False,True
53,975.0,1.05,1.3485743999481201,0.0134857439994812,ok,False,False,True
54,975.0,1.1,1.2465143203735352,0.012465143203735351,ok,False,False,True
55,975.0,1.15,1.1475903987884521,0.011475903987884522,ok,False,False,True
56,975.0,1.2000000000000002,1.0635274648666382,0.010635274648666381,ok,False,False,True
57,975.0,1.25,1.0002517700195312,0.010002517700195312,ok,False,False,True
58,975.0,1.3,0.9567267298698425,0.009567267298698424,ok,False,False,True
59,975.0,1.35,0.9238189458847046,0.009238189458847046,ok,False,False,True
60,975.0,1.4,0.8826221227645874,0.008826221227645875,ok,False,False,True
61,975.0,1.4500000000000002,0.8042799234390259,0.008042799234390259,ok,False,False,True
62,975.0,1.5,0.6529407501220703,0.006529407501220703,ok,False,False,True
63,987.5,0.5,0.3751871585845947,0.003751871585845947,ok,False,False,True
64,987.5,0.55,0.5092859268188477,0.0050928592681884766,ok,False,False,True
65,987.5,0.6,0.5657457113265991,0.0056574571132659915,ok,False,False,True
66,987.5,0.65,0.4742767810821533,0.004742767810821533,ok,False,False,True
67,987.5,0.7,0.3517364263534546,0.003517364263534546,ok,False,False,True
68,987.5,0.75,0.30583202838897705,0.0030583202838897704,ok,False,False,True
69,987.5,0.8,0.28130844235420227,0.0028130844235420226,ok,False,False,True
70,987.5,0.8500000000000001,0.29567092657089233,0.0029567092657089233,ok,False,False,True
71,987.5,0.9,0.34525132179260254,0.0034525132179260253,ok,False,False,True
72,987.5,0.95,0.38361936807632446,0.0038361936807632447,ok,False,False,True
73,987.5,1.0,0.466202974319458,0.00466202974319458,ok,False,False,True
74,987.5,1.05,0.5437955856323242,0.005437955856323242,ok,False,False,True
75,987.5,1.1,0.5985425710678101,0.0059854257106781005,ok,False,False,True
76,987.5,1.15,0.6487458944320679,0.006487458944320679,ok,False,False,True
77,987.5,1.2000000000000002,0.7017403244972229,0.007017403244972229,ok,False,False,True
78,987.5,1.25,0.7690072059631348,0.007690072059631348,ok,False,False,True
79,987.5,1.3,0.8610817193984985,0.008610817193984986,ok,False,False,True
80,987.5,1.35,0.9789285659790039,0.009789285659790039,ok,False,False,True
81,987.5,1.4,1.0976927280426025,0.010976927280426025,ok,False,False,True
82,987.5,1.4500000000000002,1.1514184474945068,0.011514184474945068,ok,False,False,True
83,987.5,1.5,1.0669465065002441,0.010669465065002442,ok,False,False,True
84,1000.0,0.5,0.4223150610923767,0.0042231506109237675,ok,True,False,False
85,1000.0,0.55,0.248361736536026,0.00248361736536026,ok,False,False,True
86,1000.0,0.6,0.2661117613315582,0.002661117613315582,ok,False,False,True
87,1000.0,0.65,0.36559125781059265,0.0036559125781059267,ok,False,False,True
88,1000.0,0.7,0.5474330186843872,0.005474330186843872,ok,True,False,False
89,1000.0,0.75,0.7008925080299377,0.0070089250802993774,ok,False,False,True
90,1000.0,0.8,0.794715166091919,0.007947151660919189,ok,False,False,True
91,1000.0,0.8500000000000001,0.8209332227706909,0.008209332227706909,ok,False,False,True
92,1000.0,0.9,0.8401477336883545,0.008401477336883545,ok,True,False,False
93,1000.0,0.95,0.7866032123565674,0.007866032123565674,ok,False,False,True
94,1000.0,1.0,0.764331579208374,0.00764331579208374,ok,False,False,True
95,1000.0,1.05,0.7309798002243042,0.007309798002243042,ok,False,False,True
96,1000.0,1.1,0.7465513944625854,0.007465513944625854,ok,True,False,False
97,1000.0,1.15,0.7432562708854675,0.007432562708854676,ok,False,False,True
98,1000.0,1.2000000000000002,0.8018286228179932,0.008018286228179931,ok,False,False,True
99,1000.0,1.25,0.7958117723464966,0.007958117723464966,ok,False,False,True
100,1000.0,1.3,0.8614292144775391,0.00861429214477539,ok,True,False,False
101,1000.0,1.35,0.8545586466789246,0.008545586466789245,ok,False,False,True
102,1000.0,1.4,0.8672149777412415,0.008672149777412414,ok,False,False,True
103,1000.0,1.4500000000000002,0.9726086854934692,0.009726086854934693,ok,False,False,True
104,1000.0,1.5,1.084227442741394,0.01084227442741394,ok,True,False,False
105,1012.5,0.5,0.4401578903198242,0.0044015789031982425,ok,False,False,True
106,1012.5,0.55,0.32522720098495483,0.0032522720098495483,ok,False,False,True
107,1012.5,0.6,0.35933420062065125,0.0035933420062065125,ok,False,False,True
108,1012.5,0.65,0.46351689100265503,0.00463516891002655,ok,False,False,True
109,1012.5,0.7,0.6214368343353271,0.006214368343353272,ok,False,False,True
110,1012.5,0.75,0.7462326884269714,0.007462326884269715,ok,False,False,True
111,1012.5,0.8,0.8256212472915649,0.00825621247291565,ok,False,False,True
112,1012.5,0.8500000000000001,0.8688029050827026,0.008688029050827027,ok,False,False,True
113,1012.5,0.9,0.8862357139587402,0.008862357139587402,ok,False,False,True
114,1012.5,0.95,0.8710745573043823,0.008710745573043823,ok,False,False,True
115,1012.5,1.0,0.8207078576087952,0.008207078576087951,ok,False,False,True
116,1012.5,1.05,0.8130160570144653,0.008130160570144653,ok,False,False,True
117,1012.5,1.1,0.8560858368873596,0.008560858368873596,ok,False,False,True
118,1012.5,1.15,0.8498042225837708,0.008498042225837707,ok,False,False,True
119,1012.5,1.2000000000000002,0.9006035327911377,0.009006035327911378,ok,False,False,True
120,1012.5,1.25,0.9714648723602295,0.009714648723602295,ok,False,False,True
121,1012.5,1.3,0.9636874198913574,0.009636874198913575,ok,False,False,True
122,1012.5,1.35,1.0538792610168457,0.010538792610168457,ok,False,False,True
123,1012.5,1.4,1.0413037538528442,0.010413037538528442,ok,False,False,True
124,1012.5,1.4500000000000002,1.1343395709991455,0.011343395709991455,ok,False,False,True
125,1012.5,1.5,1.2505462169647217,0.012505462169647217,ok,False,False,True
126,1025.0,0.5,0.3849058151245117,0.0038490581512451174,ok,False,False,True
127,1025.0,0.55,0.3044925034046173,0.003044925034046173,ok,False,False,True
128,1025.0,0.6,0.330303817987442,0.0033030381798744204,ok,False,False,True
129,1025.0,0.65,0.40313664078712463,0.004031366407871246,ok,False,False,True
130,1025.0,0.7,0.5097853541374207,0.005097853541374206,ok,False,False,True
131,1025.0,0.75,0.6095059514045715,0.006095059514045716,ok,False,False,True
132,1025.0,0.8,0.6674140691757202,0.006674140691757202,ok,False,False,True
133,1025.0,0.8500000000000001,0.6864305734634399,0.0068643057346343996,ok,False,False,True
134,1025.0,0.9,0.685224711894989,0.00685224711894989,ok,False,False,True
135,1025.0,0.95,0.6802791953086853,0.006802791953086853,ok,False,False,True
136,1025.0,1.0,0.6714826226234436,0.006714826226234436,ok,False,False,True
137,1025.0,1.05,0.6482667922973633,0.0064826679229736325,ok,False,False,True
138,1025.0,1.1,0.6386944651603699,0.006386944651603698,ok,False,False,True
139,1025.0,1.15,0.6792136430740356,0.006792136430740356,ok,False,False,True
140,1025.0,1.2000000000000002,0.7336333990097046,0.007336333990097046,ok,False,False,True
141,1025.0,1.25,0.7508282661437988,0.007508282661437988,ok,False,False,True
142,1025.0,1.3,0.7639116644859314,0.007639116644859314,ok,False,False,True
143,1025.0,1.35,0.8271769285202026,0.008271769285202027,ok,False,False,True
144,1025.0,1.4,0.8621842861175537,0.008621842861175536,ok,False,False,True
145,1025.0,1.4500000000000002,0.8649183511734009,0.008649183511734009,ok,False,False,True
146,1025.0,1.5,0.9993053674697876,0.009993053674697876,ok,False,False,True
147,1037.5,0.5,0.30935463309288025,0.0030935463309288026,ok,False,False,True
148,1037.5,0.55,0.25787851214408875,0.0025787851214408874,ok,False,False,True
149,1037.5,0.6,0.2641332745552063,0.002641332745552063,ok,False,False,True
150,1037.5,0.65,0.3127254843711853,0.003127254843711853,ok,False,False,True
151,1037.5,0.7,0.3767414093017578,0.003767414093017578,ok,False,False,True
152,1037.5,0.75,0.4324605464935303,0.0043246054649353025,ok,False,False,True
153,1037.5,0.8,0.46788352727890015,0.004678835272789002,ok,False,False,True
154,1037.5,0.8500000000000001,0.4778481125831604,0.004778481125831604,ok,False,False,True
155,1037.5,0.9,0.4706028997898102,0.004706028997898102,ok,False,False,True
156,1037.5,0.95,0.4613472819328308,0.004613472819328308,ok,False,False,True
157,1037.5,1.0,0.46187838912010193,0.00461878389120102,ok,False,False,True
158,1037.5,1.05,0.47075748443603516,0.0047075748443603516,ok,False,False,True
159,1037.5,1.1,0.4709790050983429,0.004709790050983429,ok,False,False,True
160,1037.5,1.15,0.4545883238315582,0.004545883238315582,ok,False,False,True
161,1037.5,1.2000000000000002,0.46013668179512024,0.004601366817951202,ok,False,False,True
162,1037.5,1.25,0.5139918327331543,0.005139918327331543,ok,False,False,True
163,1037.5,1.3,0.5676761865615845,0.005676761865615844,ok,False,False,True
164,1037.5,1.35,0.5632866621017456,0.0056328666210174565,ok,False,False,True
165,1037.5,1.4,0.5472453832626343,0.005472453832626342,ok,False,False,True
166,1037.5,1.4500000000000002,0.6044933795928955,0.006044933795928955,ok,False,False,True
167,1037.5,1.5,0.71275794506073,0.0071275794506073,ok,False,False,True
168,1050.0,0.5,0.23794955015182495,0.0023794955015182494,ok,True,False,False
169,1050.0,0.55,0.20497500896453857,0.0020497500896453857,ok,False,False,True
170,1050.0,0.6,0.20166228711605072,0.002016622871160507,ok,False,False,True
171,1050.0,0.65,0.22612863779067993,0.002261286377906799,ok,False,False,True
172,1050.0,0.7,0.2645575702190399,0.002645575702190399,ok,True,False,False
173,1050.0,0.75,0.29747042059898376,0.0029747042059898375,ok,False,False,True
174,1050.0,0.8,0.3163992464542389,0.003163992464542389,ok,False,False,True
175,1050.0,0.8500000000000001,0.32133883237838745,0.0032133883237838745,ok,False,False,True
176,1050.0,0.9,0.31721213459968567,0.0031721213459968566,ok,True,False,False
177,1050.0,0.95,0.310070276260376,0.00310070276260376,ok,False,False,True
178,1050.0,1.0,0.30331793427467346,0.0030331793427467346,ok,False,False,True
179,1050.0,1.05,0.29607152938842773,0.002960715293884277,ok,False,False,True
180,1050.0,1.1,0.28683117032051086,0.002868311703205109,ok,True,False,False
181,1050.0,1.15,0.27990368008613586,0.0027990368008613585,ok,False,False,True
182,1050.0,1.2000000000000002,0.28687262535095215,0.0028687262535095214,ok,False,False,True
183,1050.0,1.25,0.31132981181144714,0.0031132981181144713,ok,False,False,True
184,1050.0,1.3,0.34556710720062256,0.0034556710720062256,ok,True,False,False
185,1050.0,1.35,0.36896735429763794,0.0036896735429763792,ok,False,False,True
186,1050.0,1.4,0.3602573573589325,0.003602573573589325,ok,False,False,True
187,1050.0,1.4500000000000002,0.35684487223625183,0.0035684487223625184,ok,False,False,True
188,1050.0,1.5,0.41584792733192444,0.0041584792733192445,ok,True,False,False
189,1062.5,0.5,0.1861436665058136,0.001861436665058136,ok,False,False,True
190,1062.5,0.55,0.16398414969444275,0.0016398414969444274,ok,False,False,True
191,1062.5,0.6,0.14593882858753204,0.0014593882858753204,ok,False,False,True
192,1062.5,0.65,0.15241150557994843,0.0015241150557994843,ok,False,False,True
193,1062.5,0.7,0.1741553246974945,0.0017415532469749451,ok,False,False,True
194,1062.5,0.75,0.19587932527065277,0.001958793252706528,ok,False,False,True
195,1062.5,0.8,0.20820288360118866,0.0020820288360118865,ok,False,False,True
196,1062.5,0.8500000000000001,0.2103247046470642,0.002103247046470642,ok,False,False,True
197,1062.5,0.9,0.20613770186901093,0.0020613770186901094,ok,False,False,True
198,1062.5,0.95,0.2004842311143875,0.002004842311143875,ok,False,False,True
199,1062.5,1.0,0.19636918604373932,0.0019636918604373933,ok,False,False,True
200,1062.5,1.05,0.19273333251476288,0.0019273333251476287,ok,False,False,True
201,1062.5,1.1,0.18491187691688538,0.0018491187691688537,ok,False,False,True
202,1062.5,1.15,0.1709529310464859,0.0017095293104648591,ok,False,False,True
203,1062.5,1.2000000000000002,0.1603386104106903,0.001603386104106903,ok,False,False,True
204,1062.5,1.25,0.1661471128463745,0.0016614711284637452,ok,False,False,True
205,1062.5,1.3,0.1876562088727951,0.001876562088727951,ok,False,False,True
206,1062.5,1.35,0.21527157723903656,0.0021527157723903656,ok,False,False,True
207,1062.5,1.4,0.23572847247123718,0.002357284724712372,ok,False,False,True
208,1062.5,1.4500000000000002,0.23919469118118286,0.0023919469118118286,ok,False,False,True
209,1062.5,1.5,0.2466893047094345,0.0024668930470943453,ok,False,False,True
210,1075.0,0.5,0.15861055254936218,0.001586105525493622,ok,False,False,True
211,1075.0,0.55,0.12907522916793823,0.0012907522916793823,ok,False,False,True
212,1075.0,0.6,0.12040869146585464,0.0012040869146585464,ok,False,False,True
213,1075.0,0.65,0.11668916046619415,0.0011668916046619416,ok,False,False,True
214,1075.0,0.7,0.12045123428106308,0.0012045123428106308,ok,False,False,True
215,1075.0,0.75,0.1265995055437088,0.001265995055437088,ok,False,False,True
216,1075.0,0.8,0.12919266521930695,0.0012919266521930694,ok,False,False,True
217,1075.0,0.8500000000000001,0.1258377581834793,0.001258377581834793,ok,False,False,True
218,1075.0,0.9,0.11740629374980927,0.0011740629374980926,ok,False,False,True
219,1075.0,0.95,0.10631771385669708,0.0010631771385669708,ok,False,False,True
220,1075.0,1.0,0.09548049420118332,0.0009548049420118332,ok,False,False,True
221,1075.0,1.05,0.08800322562456131,0.000880032256245613,ok,False,False,True
222,1075.0,1.1,0.0875002071261406,0.0008750020712614059,ok,False,False,True
223,1075.0,1.15,0.09705716371536255,0.0009705716371536255,ok,False,False,True
224,1075.0,1.2000000000000002,0.1141778901219368,0.001141778901219368,ok,False,False,True
225,1075.0,1.25,0.1292210966348648,0.001292210966348648,ok,False,False,True
226,1075.0,1.3,0.13252514600753784,0.0013252514600753783,ok,False,False,True
227,1075.0,1.35,0.12517374753952026,0.0012517374753952025,ok,False,False,True
228,1075.0,1.4,0.1199674904346466,0.0011996749043464662,ok,False,False,True
229,1075.0,1.4500000000000002,0.12817558646202087,0.0012817558646202086,ok,False,False,True
230,1075.0,1.5,0.15853439271450043,0.0015853439271450043,ok,False,False,True
231,1087.5,0.5,0.13434390723705292,0.0013434390723705291,ok,False,False,True
232,1087.5,0.55,0.11857889592647552,0.0011857889592647552,ok,False,False,True
233,1087.5,0.6,0.10746777057647705,0.0010746777057647704,ok,False,False,True
234,1087.5,0.65,0.09837684035301208,0.0009837684035301209,ok,False,False,True
235,1087.5,0.7,0.09505192935466766,0.0009505192935466766,ok,False,False,True
236,1087.5,0.75,0.09494508802890778,0.0009494508802890778,ok,False,False,True
237,1087.5,0.8,0.09407873451709747,0.0009407873451709747,ok,False,False,True
238,1087.5,0.8500000000000001,0.09073784947395325,0.0009073784947395325,ok,False,False,True
239,1087.5,0.9,0.08526458591222763,0.0008526458591222763,ok,False,False,True
240,1087.5,0.95,0.07871365547180176,0.0007871365547180175,ok,False,False,True
241,1087.5,1.0,0.07220634818077087,0.0007220634818077087,ok,False,False,True
242,1087.5,1.05,0.06691965460777283,0.0006691965460777282,ok,False,False,True
243,1087.5,1.1,0.06423962116241455,0.0006423962116241456,ok,False,False,True
244,1087.5,1.15,0.06571149080991745,0.0006571149080991745,ok,False,False,True
245,1087.5,1.2000000000000002,0.07244350016117096,0.0007244350016117096,ok,False,False,True
246,1087.5,1.25,0.08266034722328186,0.0008266034722328186,ok,False,False,True
247,1087.5,1.3,0.09049426764249802,0.0009049426764249802,ok,False,False,True
248,1087.5,1.35,0.09228573739528656,0.0009228573739528657,ok,False,False,True
249,1087.5,1.4,0.09233573824167252,0.0009233573824167251,ok,False,False,True
250,1087.5,1.4500000000000002,0.09850260615348816,0.0009850260615348815,ok,False,False,True
251,1087.5,1.5,0.11626899987459183,0.0011626899987459182,ok,False,False,True
252,1100.0,0.5,0.13654030859470367,0.0013654030859470367,ok,True,False,False
253,1100.0,0.55,0.11473259329795837,0.0011473259329795838,ok,False,False,True
254,1100.0,0.6,0.09448219835758209,0.0009448219835758209,ok,False,False,True
255,1100.0,0.65,0.07991195470094681,0.000799119547009468,ok,False,False,True
256,1100.0,0.7,0.07199037075042725,0.0007199037075042724,ok,True,False,False
257,1100.0,0.75,0.0682249665260315,0.0006822496652603149,ok,False,False,True
258,1100.0,0.8,0.0660766214132309,0.0006607662141323089,ok,False,False,True
259,1100.0,0.8500000000000001,0.06449741125106812,0.0006449741125106812,ok,False,False,True
260,1100.0,0.9,0.0633515939116478,0.000633515939116478,ok,True,False,False
261,1100.0,0.95,0.06236529350280762,0.0006236529350280762,ok,False,False,True
262,1100.0,1.0,0.06120694428682327,0.0006120694428682328,ok,False,False,True
263,1100.0,1.05,0.06012557074427605,0.0006012557074427605,ok,False,False,True
264,1100.0,1.1,0.059915848076343536,0.0005991584807634354,ok,True,False,False
265,1100.0,1.15,0.060948893427848816,0.0006094889342784882,ok,False,False,True
266,1100.0,1.2000000000000002,0.062389787286520004,0.0006238978728652,ok,False,False,True
267,1100.0,1.25,0.06370534747838974,0.0006370534747838974,ok,False,False,True
268,1100.0,1.3,0.06636972725391388,0.0006636972725391388,ok,True,False,False
269,1100.0,1.35,0.07258753478527069,0.0007258753478527069,ok,False,False,True
270,1100.0,1.4,0.08323296904563904,0.0008323296904563903,ok,False,False,True
271,1100.0,1.4500000000000002,0.09769086539745331,0.000976908653974533,ok,False,False,True
272,1100.0,1.5,0.116017647087574,0.00116017647087574,ok,True,False,False
273,1112.5,0.5,0.12198837846517563,0.0012198837846517563,ok,False,False,True
274,1112.5,0.55,0.11493661999702454,0.0011493661999702454,ok,False,False,True
275,1112.5,0.6,0.10344013571739197,0.0010344013571739197,ok,False,False,True
276,1112.5,0.65,0.09139296412467957,0.0009139296412467956,ok,False,False,True
277,1112.5,0.7,0.08300468325614929,0.0008300468325614929,ok,False,False,True
278,1112.5,0.75,0.07812583446502686,0.0007812583446502686,ok,False,False,True
279,1112.5,0.8,0.07477836310863495,0.0007477836310863495,ok,False,False,True
280,1112.5,0.8500000000000001,0.07190660387277603,0.0007190660387277603,ok,False,False,True
281,1112.5,0.9,0.06936702877283096,0.0006936702877283097,ok,False,False,True
282,1112.5,0.95,0.06692899018526077,0.0006692899018526078,ok,False,False,True
283,1112.5,1.0,0.0642504170536995,0.0006425041705369949,ok,False,False,True
284,1112.5,1.05,0.06154532730579376,0.0006154532730579377,ok,False,False,True
285,1112.5,1.1,0.05970507487654686,0.0005970507487654686,ok,False,False,True
286,1112.5,1.15,0.059708476066589355,0.0005970847606658936,ok,False,False,True
287,1112.5,1.2000000000000002,0.0621248260140419,0.000621248260140419,ok,False,False,True
288,1112.5,1.25,0.06713308393955231,0.0006713308393955231,ok,False,False,True
289,1112.5,1.3,0.07433031499385834,0.0007433031499385834,ok,False,False,True
290,1112.5,1.35,0.08233419805765152,0.0008233419805765152,ok,False,False,True
291,1112.5,1.4,0.08937299251556396,0.0008937299251556396,ok,False,False,True
292,1112.5,1.4500000000000002,0.09538920968770981,0.000953892096877098,ok,False,False,True
293,1112.5,1.5,0.10341322422027588,0.0010341322422027588,ok,False,False,True
294,1125.0,0.5,0.12700572609901428,0.001270057260990143,ok,False,False,True
295,1125.0,0.55,0.12238894402980804,0.0012238894402980805,ok,False,False,True
296,1125.0,0.6,0.109534353017807,0.00109534353017807,ok,False,False,True
297,1125.0,0.65,0.09484999626874924,0.0009484999626874923,ok,False,False,True
298,1125.0,0.7,0.08420205861330032,0.0008420205861330032,ok,False,False,True
299,1125.0,0.75,0.07791687548160553,0.0007791687548160553,ok,False,False,True
300,1125.0,0.8,0.07403167337179184,0.0007403167337179184,ok,False,False,True
301,1125.0,0.8500000000000001,0.07140778750181198,0.0007140778750181198,ok,False,False,True
302,1125.0,0.9,0.06971249729394913,0.0006971249729394913,ok,False,False,True
303,1125.0,0.95,0.06829521805047989,0.0006829521805047988,ok,False,False,True
304,1125.0,1.0,0.06631240993738174,0.0006631240993738174,ok,False,False,True
305,1125.0,1.05,0.0636984258890152,0.000636984258890152,ok,False,False,True
306,1125.0,1.1,0.06144268438220024,0.0006144268438220025,ok,False,False,True
307,1125.0,1.15,0.06086184084415436,0.0006086184084415436,ok,False,False,True
308,1125.0,1.2000000000000002,0.06278993934392929,0.0006278993934392929,ok,False,False,True
309,1125.0,1.25,0.06759987026453018,0.0006759987026453018,ok,False,False,True
310,1125.0,1.3,0.07548851519823074,0.0007548851519823074,ok,False,False,True
311,1125.0,1.35,0.08623288571834564,0.0008623288571834565,ok,False,False,True
312,1125.0,1.4,0.09859959036111832,0.0009859959036111832,ok,False,False,True
313,1125.0,1.4500000000000002,0.11053235083818436,0.0011053235083818436,ok,False,False,True
314,1125.0,1.5,0.12083370983600616,0.0012083370983600617,ok,False,False,True
315,1137.5,0.5,0.13053707778453827,0.0013053707778453826,ok,False,False,True
316,1137.5,0.55,0.1250399947166443,0.0012503999471664428,ok,False,False,True
317,1137.5,0.6,0.11241963505744934,0.0011241963505744933,ok,False,False,True
318,1137.5,0.65,0.09855858981609344,0.0009855858981609345,ok,False,False,True
319,1137.5,0.7,0.08839784562587738,0.0008839784562587738,ok,False,False,True
320,1137.5,0.75,0.08194800466299057,0.0008194800466299057,ok,False,False,True
321,1137.5,0.8,0.07753442972898483,0.0007753442972898483,ok,False,False,True
322,1137.5,0.8500000000000001,0.07443775236606598,0.0007443775236606598,ok,False,False,True
323,1137.5,0.9,0.07254499942064285,0.0007254499942064285,ok,False,False,True
324,1137.5,0.95,0.0711212083697319,0.0007112120836973191,ok,False,False,True
325,1137.5,1.0,0.06910678744316101,0.0006910678744316101,ok,False,False,True
326,1137.5,1.05,0.06633072346448898,0.0006633072346448898,ok,False,False,True
327,1137.5,1.1,0.0638469010591507,0.000638469010591507,ok,False,False,True
328,1137.5,1.15,0.06309191882610321,0.0006309191882610321,ok,False,False,True
329,1137.5,1.2000000000000002,0.06494998186826706,0.0006494998186826706,ok,False,False,True
330,1137.5,1.25,0.069756880402565,0.0006975688040256501,ok,False,False,True
331,1137.5,1.3,0.07770448923110962,0.0007770448923110962,ok,False,False,True
332,1137.5,1.35,0.08869286626577377,0.0008869286626577378,ok,False,False,True
333,1137.5,1.4,0.10176509618759155,0.0010176509618759154,ok,False,False,True
334,1137.5,1.4500000000000002,0.11518123745918274,0.0011518123745918275,ok,False,False,True
335,1137.5,1.5,0.12783090770244598,0.0012783090770244598,ok,False,False,True
336,1150.0,0.5,0.1309361457824707,0.001309361457824707,ok,True,False,False
337,1150.0,0.55,0.12386435270309448,0.001238643527030945,ok,False,False,True
338,1150.0,0.6,0.11365343630313873,0.0011365343630313873,ok,False,False,True
339,1150.0,0.65,0.10324835777282715,0.0010324835777282715,ok,False,False,True
340,1150.0,0.7,0.09539865702390671,0.0009539865702390671,ok,True,False,False
341,1150.0,0.75,0.08956576883792877,0.0008956576883792877,ok,False,False,True
342,1150.0,0.8,0.08453060686588287,0.0008453060686588287,ok,False,False,True
343,1150.0,0.8500000000000001,0.08030322194099426,0.0008030322194099427,ok,False,False,True
344,1150.0,0.9,0.0773116946220398,0.000773116946220398,ok,True,False,False
345,1150.0,0.95,0.07498469203710556,0.0007498469203710556,ok,False,False,True
346,1150.0,1.0,0.07221641391515732,0.0007221641391515732,ok,False,False,True
347,1150.0,1.05,0.0688583180308342,0.000688583180308342,ok,False,False,True
348,1150.0,1.1,0.06612862646579742,0.0006612862646579742,ok,True,False,False
349,1150.0,1.15,0.0655607134103775,0.0006556071341037751,ok,False,False,True
350,1150.0,1.2000000000000002,0.06792499870061874,0.0006792499870061874,ok,False,False,True
351,1150.0,1.25,0.07331418991088867,0.0007331418991088867,ok,False,False,True
352,1150.0,1.3,0.08170051872730255,0.0008170051872730255,ok,False,True,False
353,1150.0,1.35,0.09285617619752884,0.0009285617619752884,ok,False,False,True
354,1150.0,1.4,0.10576377809047699,0.0010576377809047698,ok,False,False,True
355,1150.0,1.4500000000000002,0.11872764676809311,0.001187276467680931,ok,False,False,True
356,1150.0,1.5,0.13077959418296814,0.0013077959418296814,ok,True,False,False
357,1162.5,0.5,0.13342374563217163,0.0013342374563217164,ok,False,False,True
358,1162.5,0.55,0.1198168471455574,0.0011981684714555741,ok,False,False,True
359,1162.5,0.6,0.10943295061588287,0.0010943295061588288,ok,False,False,True
360,1162.5,0.65,0.10154900699853897,0.0010154900699853896,ok,False,False,True
361,1162.5,0.7,0.09607914090156555,0.0009607914090156556,ok,False,False,True
362,1162.5,0.75,0.09138276427984238,0.0009138276427984237,ok,False,False,True
363,1162.5,0.8,0.08643913269042969,0.0008643913269042969,ok,False,False,True
364,1162.5,0.8500000000000001,0.08200789988040924,0.0008200789988040924,ok,False,False,True
365,1162.5,0.9,0.07908724993467331,0.0007908724993467331,ok,False,False,True
366,1162.5,0.95,0.07714539021253586,0.0007714539021253585,ok,False,False,True
367,1162.5,1.0,0.07478173077106476,0.0007478173077106476,ok,False,False,True
368,1162.5,1.05,0.0716530904173851,0.000716530904173851,ok,False,False,True
369,1162.5,1.1,0.06908708065748215,0.0006908708065748215,ok,False,False,True
370,1162.5,1.15,0.0688730850815773,0.000688730850815773,ok,False,False,True
371,1162.5,1.2000000000000002,0.07188853621482849,0.0007188853621482849,ok,False,False,True
372,1162.5,1.25,0.07800489664077759,0.0007800489664077758,ok,False,False,True
373,1162.5,1.3,0.0866980329155922,0.000866980329155922,ok,False,False,True
374,1162.5,1.35,0.09717366099357605,0.0009717366099357605,ok,False,False,True
375,1162.5,1.4,0.10807126760482788,0.0010807126760482787,ok,False,False,True
376,1162.5,1.4500000000000002,0.11788533627986908,0.0011788533627986907,ok,False,False,True
377,1162.5,1.5,0.12658008933067322,0.0012658008933067323,ok,False,False,True
378,1175.0,0.5,0.14863184094429016,0.0014863184094429016,ok,False,False,True
379,1175.0,0.55,0.12781664729118347,0.0012781664729118348,ok,False,False,True
380,1175.0,0.6,0.11205746233463287,0.0011205746233463288,ok,False,False,True
381,1175.0,0.65,0.10149093717336655,0.0010149093717336654,ok,False,False,True
382,1175.0,0.7,0.09491847455501556,0.0009491847455501556,ok,False,False,True
383,1175.0,0.75,0.08957670629024506,0.0008957670629024506,ok,False,False,True
384,1175.0,0.8,0.08419986814260483,0.0008419986814260482,ok,False,False,True
385,1175.0,0.8500000000000001,0.07999572902917862,0.0007999572902917862,ok,False,False,True
386,1175.0,0.9,0.07832179963588715,0.0007832179963588715,ok,False,False,True
387,1175.0,0.95,0.07833307236433029,0.0007833307236433029,ok,False,False,True
388,1175.0,1.0,0.07790590822696686,0.0007790590822696685,ok,False,False,True
389,1175.0,1.05,0.07622069865465164,0.0007622069865465164,ok,False,False,True
390,1175.0,1.1,0.07467283308506012,0.0007467283308506011,ok,False,False,True
391,1175.0,1.15,0.07523508369922638,0.0007523508369922638,ok,False,False,True
392,1175.0,1.2000000000000002,0.07843085378408432,0.0007843085378408432,ok,False,False,True
393,1175.0,1.25,0.08323538303375244,0.0008323538303375244,ok,False,False,True
394,1175.0,1.3,0.08852655440568924,0.0008852655440568924,ok,False,False,True
395,1175.0,1.35,0.09406538307666779,0.0009406538307666778,ok,False,False,True
396,1175.0,1.4,0.100239098072052,0.0010023909807205201,ok,False,False,True
397,1175.0,1.4500000000000002,0.10762277245521545,0.0010762277245521545,ok,False,False,True
398,1175.0,1.5,0.11745487153530121,0.0011745487153530122,ok,False,False,True
399,1187.5,0.5,0.15298855304718018,0.0015298855304718018,ok,False,False,True
400,1187.5,0.55,0.13994041085243225,0.0013994041085243225,ok,False,False,True
401,1187.5,0.6,0.13141408562660217,0.0013141408562660217,ok,False,False,True
402,1187.5,0.65,0.12510895729064941,0.001251089572906494,ok,False,False,True
403,1187.5,0.7,0.1203898936510086,0.001203898936510086,ok,False,False,True
404,1187.5,0.75,0.11514107137918472,0.0011514107137918473,ok,False,False,True
405,1187.5,0.8,0.10868509858846664,0.0010868509858846665,ok,False,False,True
406,1187.5,0.8500000000000001,0.10301992297172546,0.0010301992297172546,ok,False,False,True
407,1187.5,0.9,0.10003246366977692,0.001000324636697769,ok,False,False,True
408,1187.5,0.95,0.09863720834255219,0.0009863720834255218,ok,False,False,True
409,1187.5,1.0,0.09591544419527054,0.0009591544419527054,ok,False,False,True
410,1187.5,1.05,0.09046557545661926,0.0009046557545661926,ok,False,False,True
411,1187.5,1.1,0.08384650200605392,0.0008384650200605392,ok,False,False,True
412,1187.5,1.15,0.07888706773519516,0.0007888706773519515,ok,False,False,True
413,1187.5,1.2000000000000002,0.07727941870689392,0.0007727941870689392,ok,False,False,True
414,1187.5,1.25,0.0791531503200531,0.000791531503200531,ok,False,False,True
415,1187.5,1.3,0.08422502875328064,0.0008422502875328064,ok,False,False,True
416,1187.5,1.35,0.0924084335565567,0.000924084335565567,ok,False,False,True
417,1187.5,1.4,0.10336674004793167,0.0010336674004793166,ok,False,False,True
418,1187.5,1.4500000000000002,0.11645004898309708,0.0011645004898309707,ok,False,False,True
419,1187.5,1.5,0.13200344145298004,0.0013200344145298003,ok,False,False,True
420,1200.0,0.5,0.16187554597854614,0.0016187554597854614,ok,True,False,False
421,1200.0,0.55,0.13913284242153168,0.0013913284242153168,ok,False,False,True
422,1200.0,0.6,0.1271146833896637,0.001271146833896637,ok,False,False,True
423,1200.0,0.65,0.11919236183166504,0.0011919236183166504,ok,False,False,True
424,1200.0,0.7,0.11290448158979416,0.0011290448158979415,ok,True,False,False
425,1200.0,0.75,0.10578237473964691,0.0010578237473964692,ok,False,False,True
426,1200.0,0.8,0.09791763126850128,0.0009791763126850129,ok,False,False,True
427,1200.0,0.8500000000000001,0.09259963035583496,0.0009259963035583496,ok,False,False,True
428,1200.0,0.9,0.09235884249210358,0.0009235884249210358,ok,True,False,False
429,1200.0,0.95,0.09540695697069168,0.0009540695697069168,ok,False,False,True
430,1200.0,1.0,0.09741188585758209,0.000974118858575821,ok,False,False,True
431,1200.0,1.05,0.09611362963914871,0.0009611362963914871,ok,False,False,True
432,1200.0,1.1,0.09341979026794434,0.0009341979026794433,ok,True,False,False
433,1200.0,1.15,0.09313492476940155,0.0009313492476940155,ok,False,False,True
434,1200.0,1.2000000000000002,0.0973035991191864,0.000973035991191864,ok,False,False,True
435,1200.0,1.25,0.10516508668661118,0.0010516508668661118,ok,False,False,True
436,1200.0,1.3,0.11481858789920807,0.0011481858789920806,ok,True,False,False
437,1200.0,1.35,0.12480686604976654,0.0012480686604976654,ok,False,False,True
438,1200.0,1.4,0.13426245748996735,0.0013426245748996734,ok,False,False,True
439,1200.0,1.4500000000000002,0.14299950003623962,0.0014299950003623962,ok,False,False,True
440,1200.0,1.5,0.15281493961811066,0.0015281493961811065,ok,True,False,False
