method,seed,interval,t_start_s,t_end_s,species,mean_normalized_squared_endpoint_error
original,0,0,0.0,1.034482717514038,TG,7.686830213060603e-05
original,0,0,0.0,1.034482717514038,ROH,9.112666884902865e-05
original,0,0,0.0,1.034482717514038,DG,0.0020180479623377323
original,0,0,0.0,1.034482717514038,MG,0.002022530185058713
original,0,0,0.0,1.034482717514038,GL,0.00011013165203621611
original,0,0,0.0,1.034482717514038,RCO2R,8.99876540643163e-05
original,0,1,1.034482717514038,2.068965435028076,TG,4.7276389523176476e-05
original,0,1,1.034482717514038,2.068965435028076,ROH,5.798348502139561e-05
original,0,1,1.034482717514038,2.068965435028076,DG,0.0010587179567664862
original,0,1,1.034482717514038,2.068965435028076,MG,0.0002507050521671772
original,0,1,1.034482717514038,2.068965435028076,GL,8.701245678821579e-05
original,0,1,1.034482717514038,2.068965435028076,RCO2R,4.8574853281024843e-05
original,0,2,2.068965435028076,3.1034483909606934,TG,3.013170135091059e-05
original,0,2,2.068965435028076,3.1034483909606934,ROH,4.6406014007516205e-05
original,0,2,2.068965435028076,3.1034483909606934,DG,0.0005137684638611972
original,0,2,2.068965435028076,3.1034483909606934,MG,0.00013852979463990778
original,0,2,2.068965435028076,3.1034483909606934,GL,6.561570626217872e-05
original,0,2,2.068965435028076,3.1034483909606934,RCO2R,4.187214290141128e-05
original,0,3,3.1034483909606934,4.137930870056152,TG,1.9083659935859032e-05
original,0,3,3.1034483909606934,4.137930870056152,ROH,3.796503006014973e-05
original,0,3,3.1034483909606934,4.137930870056152,DG,0.000285872898530215
original,0,3,3.1034483909606934,4.137930870056152,MG,0.0001645693846512586
original,0,3,3.1034483909606934,4.137930870056152,GL,5.5330991017399356e-05
original,0,3,3.1034483909606934,4.137930870056152,RCO2R,3.829471825156361e-05
original,0,4,4.137930870056152,5.1724138259887695,TG,1.179763967229519e-05
original,0,4,4.137930870056152,5.1724138259887695,ROH,3.032367749256082e-05
original,0,4,4.137930870056152,5.1724138259887695,DG,0.0001964057155419141
original,0,4,4.137930870056152,5.1724138259887695,MG,0.00015229053678922355
original,0,4,4.137930870056152,5.1724138259887695,GL,5.328491170075722e-05
original,0,4,4.137930870056152,5.1724138259887695,RCO2R,3.3034382795449346e-05
original,0,5,5.1724138259887695,6.206896781921387,TG,7.133489361876855e-06
original,0,5,5.1724138259887695,6.206896781921387,ROH,2.3674339900026098e-05
original,0,5,5.1724138259887695,6.206896781921387,DG,0.00014997573453001678
original,0,5,5.1724138259887695,6.206896781921387,MG,0.00011765593808377162
original,0,5,5.1724138259887695,6.206896781921387,GL,5.4141233704285696e-05
original,0,5,5.1724138259887695,6.206896781921387,RCO2R,2.6853846065932885e-05
original,0,6,6.206896781921387,7.241379261016846,TG,4.341373369243229e-06
original,0,6,6.206896781921387,7.241379261016846,ROH,1.8185162844019942e-05
original,0,6,6.206896781921387,7.241379261016846,DG,0.0001166326692327857
original,0,6,6.206896781921387,7.241379261016846,MG,8.130833884933963e-05
original,0,6,6.206896781921387,7.241379261016846,GL,5.4703501518815756e-05
original,0,6,6.206896781921387,7.241379261016846,RCO2R,2.0798372133867815e-05
original,0,7,7.241379261016846,8.275861740112305,TG,2.871423248507199e-06
original,0,7,7.241379261016846,8.275861740112305,ROH,1.3861777915735729e-05
original,0,7,7.241379261016846,8.275861740112305,DG,9.019354911288247e-05
original,0,7,7.241379261016846,8.275861740112305,MG,5.191671516513452e-05
original,0,7,7.241379261016846,8.275861740112305,GL,5.380179936764762e-05
original,0,7,7.241379261016846,8.275861740112305,RCO2R,1.552217327116523e-05
original,0,8,8.275861740112305,9.310344696044922,TG,2.3151303594204364e-06
original,0,8,8.275861740112305,9.310344696044922,ROH,1.0642365850799251e-05
original,0,8,8.275861740112305,9.310344696044922,DG,6.990831752773374e-05
original,0,8,8.275861740112305,9.310344696044922,MG,3.132591882604174e-05
original,0,8,8.275861740112305,9.310344696044922,GL,5.147351112100296e-05
original,0,8,8.275861740112305,9.310344696044922,RCO2R,1.1346788596711121e-05
original,0,9,9.310344696044922,10.344827651977539,TG,2.374699079155107e-06
original,0,9,9.310344696044922,10.344827651977539,ROH,8.415499905822799e-06
original,0,9,9.310344696044922,10.344827651977539,DG,5.535316813620739e-05
original,0,9,9.310344696044922,10.344827651977539,MG,1.867464197857771e-05
original,0,9,9.310344696044922,10.344827651977539,GL,4.824989446206018e-05
original,0,9,9.310344696044922,10.344827651977539,RCO2R,8.356437319889665e-06
original,0,10,10.344827651977539,11.379310607910156,TG,2.8337849471427035e-06
original,0,10,10.344827651977539,11.379310607910156,ROH,7.046985956549179e-06
original,0,10,10.344827651977539,11.379310607910156,DG,4.568848817143589e-05
original,0,10,10.344827651977539,11.379310607910156,MG,1.23289482871769e-05
original,0,10,10.344827651977539,11.379310607910156,GL,4.472746513783932e-05
original,0,10,10.344827651977539,11.379310607910156,RCO2R,6.4881451180553995e-06
original,0,11,11.379310607910156,12.413793563842773,TG,3.5379009659664007e-06
original,0,11,11.379310607910156,12.413793563842773,ROH,6.392953309841687e-06
original,0,11,11.379310607910156,12.413793563842773,DG,3.987783202319406e-05
original,0,11,11.379310607910156,12.413793563842773,MG,1.0649599062162451e-05
original,0,11,11.379310607910156,12.413793563842773,GL,4.137695941608399e-05
original,0,11,11.379310607910156,12.413793563842773,RCO2R,5.6006865634117275e-06
original,0,12,12.413793563842773,13.448275566101074,TG,4.378345238365e-06
original,0,12,12.413793563842773,13.448275566101074,ROH,6.313082849374041e-06
original,0,12,12.413793563842773,13.448275566101074,DG,3.694906263262965e-05
original,0,12,12.413793563842773,13.448275566101074,MG,1.2242596312717069e-05
original,0,12,12.413793563842773,13.448275566101074,GL,3.849282074952498e-05
original,0,12,12.413793563842773,13.448275566101074,RCO2R,5.521734237845521e-06
original,0,13,13.448275566101074,14.482758522033691,TG,5.2802815844188444e-06
original,0,13,13.448275566101074,14.482758522033691,ROH,6.679196758341277e-06
original,0,13,13.448275566101074,14.482758522033691,DG,3.612036016420461e-05
original,0,13,13.448275566101074,14.482758522033691,MG,1.601394069439266e-05
original,0,13,13.448275566101074,14.482758522033691,GL,3.6221455957274884e-05
original,0,13,13.448275566101074,14.482758522033691,RCO2R,6.076393219700549e-06
original,0,14,14.482758522033691,15.517241477966309,TG,6.192972250573803e-06
original,0,14,14.482758522033691,15.517241477966309,ROH,7.379815997410333e-06
original,0,14,14.482758522033691,15.517241477966309,DG,3.683050817926414e-05
original,0,14,14.482758522033691,15.517241477966309,MG,2.1142936020623893e-05
original,0,14,14.482758522033691,15.517241477966309,GL,3.459404251771048e-05
original,0,14,14.482758522033691,15.517241477966309,RCO2R,7.103895768523216e-06
original,0,15,15.517241477966309,16.55172348022461,TG,7.083813216013368e-06
original,0,15,15.517241477966309,16.55172348022461,ROH,8.321343557327054e-06
original,0,15,15.517241477966309,16.55172348022461,DG,3.870478394674137e-05
original,0,15,15.517241477966309,16.55172348022461,MG,2.7035723178414628e-05
original,0,15,15.517241477966309,16.55172348022461,GL,3.3580028684809804e-05
original,0,15,15.517241477966309,16.55172348022461,RCO2R,8.465473001706414e-06
original,0,16,16.55172348022461,17.586206436157227,TG,7.932136213639751e-06
original,0,16,16.55172348022461,17.586206436157227,ROH,9.427805707673542e-06
original,0,16,16.55172348022461,17.586206436157227,DG,4.1513201722409576e-05
original,0,16,16.55172348022461,17.586206436157227,MG,3.327317244838923e-05
original,0,16,16.55172348022461,17.586206436157227,GL,3.3114756661234424e-05
original,0,16,16.55172348022461,17.586206436157227,RCO2R,1.0045886483567301e-05
original,0,17,17.586206436157227,18.620689392089844,TG,8.726397027203348e-06
original,0,17,17.586206436157227,18.620689392089844,ROH,1.0638928870321251e-05
original,0,17,17.586206436157227,18.620689392089844,DG,4.5122716983314604e-05
original,0,17,17.586206436157227,18.620689392089844,MG,3.956983709940687e-05
original,0,17,17.586206436157227,18.620689392089844,GL,3.312079206807539e-05
original,0,17,17.586206436157227,18.620689392089844,RCO2R,1.1753560102079064e-05
original,0,18,18.620689392089844,19.65517234802246,TG,9.460694855079055e-06
original,0,18,18.620689392089844,19.65517234802246,ROH,1.1908216038136743e-05
original,0,18,18.620689392089844,19.65517234802246,DG,4.946318222209811e-05
original,0,18,18.620689392089844,19.65517234802246,MG,4.5735992898698896e-05
original,0,18,18.620689392089844,19.65517234802246,GL,3.3525240723975e-05
original,0,18,18.620689392089844,19.65517234802246,RCO2R,1.3517154911824036e-05
original,0,19,19.65517234802246,20.689655303955078,TG,1.0133447176485788e-05
original,0,19,19.65517234802246,20.689655303955078,ROH,1.320045703323558e-05
original,0,19,19.65517234802246,20.689655303955078,DG,5.450086246128194e-05
original,0,19,19.65517234802246,20.689655303955078,MG,5.1651168178068474e-05
original,0,19,19.65517234802246,20.689655303955078,GL,3.426240073167719e-05
original,0,19,19.65517234802246,20.689655303955078,RCO2R,1.5284615074051544e-05
original,0,20,20.689655303955078,21.724138259887695,TG,1.0745525287347846e-05
original,0,20,20.689655303955078,21.724138259887695,ROH,1.4490020475932397e-05
original,0,20,20.689655303955078,21.724138259887695,DG,6.0220452724024653e-05
original,0,20,20.689655303955078,21.724138259887695,MG,5.724576112697832e-05
original,0,20,20.689655303955078,21.724138259887695,GL,3.5281002055853605e-05
original,0,20,20.689655303955078,21.724138259887695,RCO2R,1.701703695289325e-05
original,0,21,21.724138259887695,22.758621215820312,TG,1.1299451216473244e-05
original,0,21,21.724138259887695,22.758621215820312,ROH,1.5758454537717625e-05
original,0,21,21.724138259887695,22.758621215820312,DG,6.661337101832032e-05
original,0,21,21.724138259887695,22.758621215820312,MG,6.248278077691793e-05
original,0,21,21.724138259887695,22.758621215820312,GL,3.6537181586027145e-05
original,0,21,21.724138259887695,22.758621215820312,RCO2R,1.8688695490709506e-05
original,0,22,22.758621215820312,23.79310417175293,TG,1.1798711057053879e-05
original,0,22,22.758621215820312,23.79310417175293,ROH,1.6993328245007433e-05
original,0,22,22.758621215820312,23.79310417175293,DG,7.366845238720998e-05
original,0,22,22.758621215820312,23.79310417175293,MG,6.735026545356959e-05
original,0,22,22.758621215820312,23.79310417175293,GL,3.800059130298905e-05
original,0,22,22.758621215820312,23.79310417175293,RCO2R,2.0285162463551387e-05
original,0,23,23.79310417175293,24.827587127685547,TG,1.2248086932231672e-05
original,0,23,23.79310417175293,24.827587127685547,ROH,1.8186625311500393e-05
original,0,23,23.79310417175293,24.827587127685547,DG,8.138957491610199e-05
original,0,23,23.79310417175293,24.827587127685547,MG,7.184351852629334e-05
original,0,23,23.79310417175293,24.827587127685547,GL,3.964601637562737e-05
original,0,23,23.79310417175293,24.827587127685547,RCO2R,2.178769136662595e-05
original,0,24,24.827587127685547,25.86206817626953,TG,1.265073660761118e-05
original,0,24,24.827587127685547,25.86206817626953,ROH,1.9333740056026727e-05
original,0,24,24.827587127685547,25.86206817626953,DG,8.974770025815815e-05
original,0,24,24.827587127685547,25.86206817626953,MG,7.598159572808072e-05
original,0,24,24.827587127685547,25.86206817626953,GL,4.145921775489114e-05
original,0,24,24.827587127685547,25.86206817626953,RCO2R,2.3200462237582542e-05
original,0,25,25.86206817626953,26.89655113220215,TG,1.3011480405111797e-05
original,0,25,25.86206817626953,26.89655113220215,ROH,2.043266977125313e-05
original,0,25,25.86206817626953,26.89655113220215,DG,9.873070666799322e-05
original,0,25,25.86206817626953,26.89655113220215,MG,7.978004578035325e-05
original,0,25,25.86206817626953,26.89655113220215,GL,4.342799002188258e-05
original,0,25,25.86206817626953,26.89655113220215,RCO2R,2.4519971702829935e-05
original,0,26,26.89655113220215,27.931034088134766,TG,1.3334155482880305e-05
original,0,26,26.89655113220215,27.931034088134766,ROH,2.1482783267856576e-05
original,0,26,26.89655113220215,27.931034088134766,DG,0.0001083144306903705
original,0,26,26.89655113220215,27.931034088134766,MG,8.325881935888901e-05
original,0,26,26.89655113220215,27.931034088134766,GL,4.5543241867562756e-05
original,0,26,26.89655113220215,27.931034088134766,RCO2R,2.5747189283720218e-05
original,0,27,27.931034088134766,28.965517044067383,TG,1.3622794540424366e-05
original,0,27,27.931034088134766,28.965517044067383,ROH,2.2485128283733502e-05
original,0,27,27.931034088134766,28.965517044067383,DG,0.00011847038695123047
original,0,27,27.931034088134766,28.965517044067383,MG,8.64419707795605e-05
original,0,27,27.931034088134766,28.965517044067383,GL,4.7800855099922046e-05
original,0,27,27.931034088134766,28.965517044067383,RCO2R,2.6886642444878817e-05
original,0,28,28.965517044067383,30.0,TG,1.3880989172321279e-05
original,0,28,28.965517044067383,30.0,ROH,2.3441414668923244e-05
original,0,28,28.965517044067383,30.0,DG,0.00012916770356241614
original,0,28,28.965517044067383,30.0,MG,8.934998186305165e-05
original,0,28,28.965517044067383,30.0,GL,5.019679156248458e-05
original,0,28,28.965517044067383,30.0,RCO2R,2.79420091828797e-05
original,1,0,0.0,1.034482717514038,TG,0.00013145720004104078
original,1,0,0.0,1.034482717514038,ROH,7.102118252078071e-05
original,1,0,0.0,1.034482717514038,DG,0.00114716705866158
original,1,0,0.0,1.034482717514038,MG,0.0008876302163116634
original,1,0,0.0,1.034482717514038,GL,1.9603377950261347e-05
original,1,0,0.0,1.034482717514038,RCO2R,6.560027395607904e-05
original,1,1,1.034482717514038,2.068965435028076,TG,7.066452235449106e-05
original,1,1,1.034482717514038,2.068965435028076,ROH,5.318775583873503e-05
original,1,1,1.034482717514038,2.068965435028076,DG,0.0001490599534008652
original,1,1,1.034482717514038,2.068965435028076,MG,0.0001492708397563547
original,1,1,1.034482717514038,2.068965435028076,GL,2.5089626433327794e-05
original,1,1,1.034482717514038,2.068965435028076,RCO2R,4.28921302955132e-05
original,1,2,2.068965435028076,3.1034483909606934,TG,3.396576357772574e-05
original,1,2,2.068965435028076,3.1034483909606934,ROH,4.157994408160448e-05
original,1,2,2.068965435028076,3.1034483909606934,DG,0.00014185759937390685
original,1,2,2.068965435028076,3.1034483909606934,MG,8.214257832150906e-05
original,1,2,2.068965435028076,3.1034483909606934,GL,2.2472644559456967e-05
original,1,2,2.068965435028076,3.1034483909606934,RCO2R,3.2085878046927974e-05
original,1,3,3.1034483909606934,4.137930870056152,TG,1.6235710063483566e-05
original,1,3,3.1034483909606934,4.137930870056152,ROH,3.113031925749965e-05
original,1,3,3.1034483909606934,4.137930870056152,DG,0.00012880706344731152
original,1,3,3.1034483909606934,4.137930870056152,MG,8.281211194116622e-05
original,1,3,3.1034483909606934,4.137930870056152,GL,2.1782529074698687e-05
original,1,3,3.1034483909606934,4.137930870056152,RCO2R,2.573253004811704e-05
original,1,4,4.137930870056152,5.1724138259887695,TG,8.931858246796764e-06
original,1,4,4.137930870056152,5.1724138259887695,ROH,2.239666719106026e-05
original,1,4,4.137930870056152,5.1724138259887695,DG,8.129180787364021e-05
original,1,4,4.137930870056152,5.1724138259887695,MG,7.261792779900134e-05
original,1,4,4.137930870056152,5.1724138259887695,GL,2.3384720407193527e-05
original,1,4,4.137930870056152,5.1724138259887695,RCO2R,2.1047255359007977e-05
original,1,5,5.1724138259887695,6.206896781921387,TG,6.308820047706831e-06
original,1,5,5.1724138259887695,6.206896781921387,ROH,1.5951929526636377e-05
original,1,5,5.1724138259887695,6.206896781921387,DG,4.8348338168580085e-05
original,1,5,5.1724138259887695,6.206896781921387,MG,5.580805009230971e-05
original,1,5,5.1724138259887695,6.206896781921387,GL,2.6049650841741823e-05
original,1,5,5.1724138259887695,6.206896781921387,RCO2R,1.7211079466505907e-05
original,1,6,6.206896781921387,7.241379261016846,TG,5.437245363282273e-06
original,1,6,6.206896781921387,7.241379261016846,ROH,1.1551299394341186e-05
original,1,6,6.206896781921387,7.241379261016846,DG,3.667844066512771e-05
original,1,6,6.206896781921387,7.241379261016846,MG,3.949882375309244e-05
original,1,6,6.206896781921387,7.241379261016846,GL,2.8795262551284395e-05
original,1,6,6.206896781921387,7.241379261016846,RCO2R,1.3936482901044656e-05
original,1,7,7.241379261016846,8.275861740112305,TG,5.115473868499976e-06
original,1,7,7.241379261016846,8.275861740112305,ROH,8.726958185434341e-06
original,1,7,7.241379261016846,8.275861740112305,DG,3.486506830086e-05
original,1,7,7.241379261016846,8.275861740112305,MG,2.6458767024450935e-05
original,1,7,7.241379261016846,8.275861740112305,GL,3.081406248384155e-05
original,1,7,7.241379261016846,8.275861740112305,RCO2R,1.1139112757518888e-05
original,1,8,8.275861740112305,9.310344696044922,TG,4.963142600900028e-06
original,1,8,8.275861740112305,9.310344696044922,ROH,7.101827122824034e-06
original,1,8,8.275861740112305,9.310344696044922,DG,3.385556919965893e-05
original,1,8,8.275861740112305,9.310344696044922,MG,1.715313919703476e-05
original,1,8,8.275861740112305,9.310344696044922,GL,3.161710628774017e-05
original,1,8,8.275861740112305,9.310344696044922,RCO2R,8.843686373438686e-06
original,1,9,9.310344696044922,10.344827651977539,TG,4.900600288237911e-06
original,1,9,9.310344696044922,10.344827651977539,ROH,6.414621111616725e-06
original,1,9,9.310344696044922,10.344827651977539,DG,3.063401163672097e-05
original,1,9,9.310344696044922,10.344827651977539,MG,1.1182336493220646e-05
original,1,9,9.310344696044922,10.344827651977539,GL,3.113548154942691e-05
original,1,9,9.310344696044922,10.344827651977539,RCO2R,7.117249424481997e-06
original,1,10,10.344827651977539,11.379310607910156,TG,4.930593604512978e-06
original,1,10,10.344827651977539,11.379310607910156,ROH,6.475755981227849e-06
original,1,10,10.344827651977539,11.379310607910156,DG,2.5692163035273552e-05
original,1,10,10.344827651977539,11.379310607910156,MG,7.875105438870378e-06
original,1,10,10.344827651977539,11.379310607910156,GL,2.963902079500258e-05
original,1,10,10.344827651977539,11.379310607910156,RCO2R,6.0135230341984425e-06
original,1,11,11.379310607910156,12.413793563842773,TG,5.062188392912503e-06
original,1,11,11.379310607910156,12.413793563842773,ROH,7.132381142582744e-06
original,1,11,11.379310607910156,12.413793563842773,DG,2.048975511570461e-05
original,1,11,11.379310607910156,12.413793563842773,MG,6.543416930071544e-06
original,1,11,11.379310607910156,12.413793563842773,GL,2.756043613771908e-05
original,1,11,11.379310607910156,12.413793563842773,RCO2R,5.541941391129512e-06
original,1,12,12.413793563842773,13.448275566101074,TG,5.293369667924708e-06
original,1,12,12.413793563842773,13.448275566101074,ROH,8.248784979514312e-06
original,1,12,12.413793563842773,13.448275566101074,DG,1.6232756024692208e-05
original,1,12,12.413793563842773,13.448275566101074,MG,6.585937626368832e-06
original,1,12,12.413793563842773,13.448275566101074,GL,2.534357554395683e-05
original,1,12,12.413793563842773,13.448275566101074,RCO2R,5.666727702191565e-06
original,1,13,13.448275566101074,14.482758522033691,TG,5.612011591438204e-06
original,1,13,13.448275566101074,14.482758522033691,ROH,9.704242984298617e-06
original,1,13,13.448275566101074,14.482758522033691,DG,1.3593341464002151e-05
original,1,13,13.448275566101074,14.482758522033691,MG,7.523279236920644e-06
original,1,13,13.448275566101074,14.482758522033691,GL,2.334560122108087e-05
original,1,13,13.448275566101074,14.482758522033691,RCO2R,6.31601142231375e-06
original,1,14,14.482758522033691,15.517241477966309,TG,6.001207111694384e-06
original,1,14,14.482758522033691,15.517241477966309,ROH,1.1392442502256017e-05
original,1,14,14.482758522033691,15.517241477966309,DG,1.279546722798841e-05
original,1,14,14.482758522033691,15.517241477966309,MG,8.996947144623846e-06
original,1,14,14.482758522033691,15.517241477966309,GL,2.1806947188451886e-05
original,1,14,14.482758522033691,15.517241477966309,RCO2R,7.397868557745824e-06
original,1,15,15.517241477966309,16.55172348022461,TG,6.4424762058479246e-06
original,1,15,15.517241477966309,16.55172348022461,ROH,1.3222927009337582e-05
original,1,15,15.517241477966309,16.55172348022461,DG,1.3787413990939967e-05
original,1,15,15.517241477966309,16.55172348022461,MG,1.075065756594995e-05
original,1,15,15.517241477966309,16.55172348022461,GL,2.085791675199289e-05
original,1,15,15.517241477966309,16.55172348022461,RCO2R,8.814855391392484e-06
original,1,16,16.55172348022461,17.586206436157227,TG,6.9182365223241504e-06
original,1,16,16.55172348022461,17.586206436157227,ROH,1.512094331701519e-05
original,1,16,16.55172348022461,17.586206436157227,DG,1.636709384911228e-05
original,1,16,16.55172348022461,17.586206436157227,MG,1.2610393241629936e-05
original,1,16,16.55172348022461,17.586206436157227,GL,2.0540537661872804e-05
original,1,16,16.55172348022461,17.586206436157227,RCO2R,1.0474241207703017e-05
original,1,17,17.586206436157227,18.620689392089844,TG,7.413627372443443e-06
original,1,17,17.586206436157227,18.620689392089844,ROH,1.7028365618898533e-05
original,1,17,17.586206436157227,18.620689392089844,DG,2.0277384464861825e-05
original,1,17,17.586206436157227,18.620689392089844,MG,1.4463311345025431e-05
original,1,17,17.586206436157227,18.620689392089844,GL,2.0839641365455464e-05
original,1,17,17.586206436157227,18.620689392089844,RCO2R,1.2293850886635482e-05
original,1,18,18.620689392089844,19.65517234802246,TG,7.91613547335146e-06
original,1,18,18.620689392089844,19.65517234802246,ROH,1.890059320430737e-05
original,1,18,18.620689392089844,19.65517234802246,DG,2.52465015364578e-05
original,1,18,18.620689392089844,19.65517234802246,MG,1.6239691831287928e-05
original,1,18,18.620689392089844,19.65517234802246,GL,2.170509469578974e-05
original,1,18,18.620689392089844,19.65517234802246,RCO2R,1.4204418221197557e-05
original,1,19,19.65517234802246,20.689655303955078,TG,8.416179298365023e-06
original,1,19,19.65517234802246,20.689655303955078,ROH,2.0705077986349352e-05
original,1,19,19.65517234802246,20.689655303955078,DG,3.1014817068353295e-05
original,1,19,19.65517234802246,20.689655303955078,MG,1.7900880266097374e-05
original,1,19,19.65517234802246,20.689655303955078,GL,2.3070148017723113e-05
original,1,19,19.65517234802246,20.689655303955078,RCO2R,1.6151259842445143e-05
original,1,20,20.689655303955078,21.724138259887695,TG,8.906381481210701e-06
original,1,20,20.689655303955078,21.724138259887695,ROH,2.2420113964471966e-05
original,1,20,20.689655303955078,21.724138259887695,DG,3.735145946848206e-05
original,1,20,20.689655303955078,21.724138259887695,MG,1.9429586245678365e-05
original,1,20,20.689655303955078,21.724138259887695,GL,2.4863320504664443e-05
original,1,20,20.689655303955078,21.724138259887695,RCO2R,1.8091124729835428e-05
original,1,21,21.724138259887695,22.758621215820312,TG,9.381643394590355e-06
original,1,21,21.724138259887695,22.758621215820312,ROH,2.4031665816437453e-05
original,1,21,21.724138259887695,22.758621215820312,DG,4.405097206472419e-05
original,1,21,21.724138259887695,22.758621215820312,MG,2.0820729332626797e-05
original,1,21,21.724138259887695,22.758621215820312,GL,2.7014679290005006e-05
original,1,21,21.724138259887695,22.758621215820312,RCO2R,1.9992905436083674e-05
original,1,22,22.758621215820312,23.79310417175293,TG,9.838461664912757e-06
original,1,22,22.758621215820312,23.79310417175293,ROH,2.5532188374199905e-05
original,1,22,22.758621215820312,23.79310417175293,DG,5.094615698908456e-05
original,1,22,22.758621215820312,23.79310417175293,MG,2.2078183974372223e-05
original,1,22,22.758621215820312,23.79310417175293,GL,2.9460181394824758e-05
original,1,22,22.758621215820312,23.79310417175293,RCO2R,2.183319338655565e-05
original,1,23,23.79310417175293,24.827587127685547,TG,1.0274814485455863e-05
original,1,23,23.79310417175293,24.827587127685547,ROH,2.6919247829937376e-05
original,1,23,23.79310417175293,24.827587127685547,DG,5.789562055724673e-05
original,1,23,23.79310417175293,24.827587127685547,MG,2.32117272389587e-05
original,1,23,23.79310417175293,24.827587127685547,GL,3.2143707358045503e-05
original,1,23,23.79310417175293,24.827587127685547,RCO2R,2.359743302804418e-05
original,1,24,24.827587127685547,25.86206817626953,TG,1.0689192095014732e-05
original,1,24,24.827587127685547,25.86206817626953,ROH,2.8193022444611415e-05
original,1,24,24.827587127685547,25.86206817626953,DG,6.478667637566105e-05
original,1,24,24.827587127685547,25.86206817626953,MG,2.4232369469245896e-05
original,1,24,24.827587127685547,25.86206817626953,GL,3.5015935281990096e-05
original,1,24,24.827587127685547,25.86206817626953,RCO2R,2.5274846848333254e-05
original,1,25,25.86206817626953,26.89655113220215,TG,1.1081591765105259e-05
original,1,25,25.86206817626953,26.89655113220215,ROH,2.935746670118533e-05
original,1,25,25.86206817626953,26.89655113220215,DG,7.153722981456667e-05
original,1,25,25.86206817626953,26.89655113220215,MG,2.5153436581604183e-05
original,1,25,25.86206817626953,26.89655113220215,GL,3.8035337638575584e-05
original,1,25,25.86206817626953,26.89655113220215,RCO2R,2.6860981961362995e-05
original,1,26,26.89655113220215,27.931034088134766,TG,1.1451886166469194e-05
original,1,26,26.89655113220215,27.931034088134766,ROH,3.0417024390771985e-05
original,1,26,26.89655113220215,27.931034088134766,DG,7.80760237830691e-05
original,1,26,26.89655113220215,27.931034088134766,MG,2.598701394163072e-05
original,1,26,26.89655113220215,27.931034088134766,GL,4.116625859751366e-05
original,1,26,26.89655113220215,27.931034088134766,RCO2R,2.8353199013508856e-05
original,1,27,27.931034088134766,28.965517044067383,TG,1.1800530046457425e-05
original,1,27,27.931034088134766,28.965517044067383,ROH,3.137768362648785e-05
original,1,27,27.931034088134766,28.965517044067383,DG,8.43599482323043e-05
original,1,27,27.931034088134766,28.965517044067383,MG,2.6744441129267216e-05
original,1,27,27.931034088134766,28.965517044067383,GL,4.437952156877145e-05
original,1,27,27.931034088134766,28.965517044067383,RCO2R,2.9751818146905862e-05
original,1,28,28.965517044067383,30.0,TG,1.2128604794270359e-05
original,1,28,28.965517044067383,30.0,ROH,3.224619649699889e-05
original,1,28,28.965517044067383,30.0,DG,9.035748371388763e-05
original,1,28,28.965517044067383,30.0,MG,2.743726145126857e-05
original,1,28,28.965517044067383,30.0,GL,4.7649573389207944e-05
original,1,28,28.965517044067383,30.0,RCO2R,3.105837822658941e-05
original,2,0,0.0,1.034482717514038,TG,0.00011218523286515847
original,2,0,0.0,1.034482717514038,ROH,6.848947668913752e-05
original,2,0,0.0,1.034482717514038,DG,0.002827654592692852
original,2,0,0.0,1.034482717514038,MG,0.0010686381720006466
original,2,0,0.0,1.034482717514038,GL,8.347508264705539e-05
original,2,0,0.0,1.034482717514038,RCO2R,0.00011440176604082808
original,2,1,1.034482717514038,2.068965435028076,TG,6.641529034823179e-05
original,2,1,1.034482717514038,2.068965435028076,ROH,6.204201781656593e-05
original,2,1,1.034482717514038,2.068965435028076,DG,0.0016132246237248182
original,2,1,1.034482717514038,2.068965435028076,MG,0.0003019553842023015
original,2,1,1.034482717514038,2.068965435028076,GL,0.0001124176342273131
original,2,1,1.034482717514038,2.068965435028076,RCO2R,8.53653546073474e-05
original,2,2,2.068965435028076,3.1034483909606934,TG,4.0332401113118976e-05
original,2,2,2.068965435028076,3.1034483909606934,ROH,5.527502435143106e-05
original,2,2,2.068965435028076,3.1034483909606934,DG,0.0007994117913767695
original,2,2,2.068965435028076,3.1034483909606934,MG,0.0002725564409047365
original,2,2,2.068965435028076,3.1034483909606934,GL,6.535318243550137e-05
original,2,2,2.068965435028076,3.1034483909606934,RCO2R,7.129011646611616e-05
original,2,3,3.1034483909606934,4.137930870056152,TG,2.204068368882872e-05
original,2,3,3.1034483909606934,4.137930870056152,ROH,4.392334813019261e-05
original,2,3,3.1034483909606934,4.137930870056152,DG,0.0003596231690607965
original,2,3,3.1034483909606934,4.137930870056152,MG,0.0002402320969849825
original,2,3,3.1034483909606934,4.137930870056152,GL,3.183290027664043e-05
original,2,3,3.1034483909606934,4.137930870056152,RCO2R,5.7443463447270915e-05
original,2,4,4.137930870056152,5.1724138259887695,TG,1.1522351996973157e-05
original,2,4,4.137930870056152,5.1724138259887695,ROH,3.161195127177052e-05
original,2,4,4.137930870056152,5.1724138259887695,DG,0.00018841626297216862
original,2,4,4.137930870056152,5.1724138259887695,MG,0.00016980560030788183
original,2,4,4.137930870056152,5.1724138259887695,GL,2.9828312108293176e-05
original,2,4,4.137930870056152,5.1724138259887695,RCO2R,4.297268606023863e-05
original,2,5,5.1724138259887695,6.206896781921387,TG,6.689007477689302e-06
original,2,5,5.1724138259887695,6.206896781921387,ROH,2.1214864318608306e-05
original,2,5,5.1724138259887695,6.206896781921387,DG,0.0001411644770996645
original,2,5,5.1724138259887695,6.206896781921387,MG,0.00010279806156177074
original,2,5,5.1724138259887695,6.206896781921387,GL,4.149328015046194e-05
original,2,5,5.1724138259887695,6.206896781921387,RCO2R,2.9941831598989666e-05
original,2,6,6.206896781921387,7.241379261016846,TG,5.199796760280151e-06
original,2,6,6.206896781921387,7.241379261016846,ROH,1.3841892723576166e-05
original,2,6,6.206896781921387,7.241379261016846,DG,0.00013584787666331977
original,2,6,6.206896781921387,7.241379261016846,MG,5.7207729696528986e-05
original,2,6,6.206896781921387,7.241379261016846,GL,5.231289105722681e-05
original,2,6,6.206896781921387,7.241379261016846,RCO2R,1.9704948499565944e-05
original,2,7,7.241379261016846,8.275861740112305,TG,5.422714821179397e-06
original,2,7,7.241379261016846,8.275861740112305,ROH,9.49624791246606e-06
original,2,7,7.241379261016846,8.275861740112305,DG,0.0001397466694470495
original,2,7,7.241379261016846,8.275861740112305,MG,3.2532909244764596e-05
original,2,7,7.241379261016846,8.275861740112305,GL,5.686828080797568e-05
original,2,7,7.241379261016846,8.275861740112305,RCO2R,1.2571426850627176e-05
original,2,8,8.275861740112305,9.310344696044922,TG,6.412151378754061e-06
original,2,8,8.275861740112305,9.310344696044922,ROH,7.699990419496316e-06
original,2,8,8.275861740112305,9.310344696044922,DG,0.0001431706768926233
original,2,8,8.275861740112305,9.310344696044922,MG,2.237074113509152e-05
original,2,8,8.275861740112305,9.310344696044922,GL,5.527804751181975e-05
original,2,8,8.275861740112305,9.310344696044922,RCO2R,8.227194484788924e-06
original,2,9,9.310344696044922,10.344827651977539,TG,7.672802894376218e-06
original,2,9,9.310344696044922,10.344827651977539,ROH,7.850450856494717e-06
original,2,9,9.310344696044922,10.344827651977539,DG,0.00014472127077169716
original,2,9,9.310344696044922,10.344827651977539,MG,2.0557779862429015e-05
original,2,9,9.310344696044922,10.344827651977539,GL,4.9674032197799534e-05
original,2,9,9.310344696044922,10.344827651977539,RCO2R,6.118503279139986e-06
original,2,10,10.344827651977539,11.379310607910156,TG,8.966230780060869e-06
original,2,10,10.344827651977539,11.379310607910156,ROH,9.3834105427959e-06
original,2,10,10.344827651977539,11.379310607910156,DG,0.0001451911375625059
original,2,10,10.344827651977539,11.379310607910156,MG,2.2826412532594986e-05
original,2,10,10.344827651977539,11.379310607910156,GL,4.2303749069105834e-05
original,2,10,10.344827651977539,11.379310607910156,RCO2R,5.670922291756142e-06
original,2,11,11.379310607910156,12.413793563842773,TG,1.0187078260059934e-05
original,2,11,11.379310607910156,12.413793563842773,ROH,1.1831011761387344e-05
original,2,11,11.379310607910156,12.413793563842773,DG,0.00014550557534676045
original,2,11,11.379310607910156,12.413793563842773,MG,2.6672007152228616e-05
original,2,11,11.379310607910156,12.413793563842773,GL,3.4847929782699794e-05
original,2,11,11.379310607910156,12.413793563842773,RCO2R,6.3868669712974224e-06
original,2,12,12.413793563842773,13.448275566101074,TG,1.1296701813989785e-05
original,2,12,12.413793563842773,13.448275566101074,ROH,1.4831695807515644e-05
original,2,12,12.413793563842773,13.448275566101074,DG,0.00014623622701037675
original,2,12,12.413793563842773,13.448275566101074,MG,3.080152237089351e-05
original,2,12,12.413793563842773,13.448275566101074,GL,2.8329426640993915e-05
original,2,12,12.413793563842773,13.448275566101074,RCO2R,7.87187491368968e-06
original,2,13,13.448275566101074,14.482758522033691,TG,1.2286351193324663e-05
original,2,13,13.448275566101074,14.482758522033691,ROH,1.811841138987802e-05
original,2,13,13.448275566101074,14.482758522033691,DG,0.00014761587954126298
original,2,13,13.448275566101074,14.482758522033691,MG,3.464034671196714e-05
original,2,13,13.448275566101074,14.482758522033691,GL,2.3251510356203653e-05
original,2,13,13.448275566101074,14.482758522033691,RCO2R,9.829305781750008e-06
original,2,14,14.482758522033691,15.517241477966309,TG,1.3160924027033616e-05
original,2,14,14.482758522033691,15.517241477966309,ROH,2.1501693481695838e-05
original,2,14,14.482758522033691,15.517241477966309,DG,0.00014965685841161758
original,2,14,14.482758522033691,15.517241477966309,MG,3.8006452086847275e-05
original,2,14,14.482758522033691,15.517241477966309,GL,1.9769497157540172e-05
original,2,14,14.482758522033691,15.517241477966309,RCO2R,1.2045421499351505e-05
original,2,15,15.517241477966309,16.55172348022461,TG,1.3929909982834943e-05
original,2,15,15.517241477966309,16.55172348022461,ROH,2.4851262423908338e-05
original,2,15,15.517241477966309,16.55172348022461,DG,0.0001522760430816561
original,2,15,15.517241477966309,16.55172348022461,MG,4.0899110899772495e-05
original,2,15,15.517241477966309,16.55172348022461,GL,1.782564868335612e-05
original,2,15,15.517241477966309,16.55172348022461,RCO2R,1.4368246411322616e-05
original,2,16,16.55172348022461,17.586206436157227,TG,1.4605908290832303e-05
original,2,16,16.55172348022461,17.586206436157227,ROH,2.8083723009331152e-05
original,2,16,16.55172348022461,17.586206436157227,DG,0.00015532734687440097
original,2,16,16.55172348022461,17.586206436157227,MG,4.3415311665739864e-05
original,2,16,16.55172348022461,17.586206436157227,GL,1.7260921595152467e-05
original,2,16,16.55172348022461,17.586206436157227,RCO2R,1.669690027483739e-05
original,2,17,17.586206436157227,18.620689392089844,TG,1.5198081200651359e-05
original,2,17,17.586206436157227,18.620689392089844,ROH,3.114607170573436e-05
original,2,17,17.586206436157227,18.620689392089844,DG,0.00015867807087488472
original,2,17,17.586206436157227,18.620689392089844,MG,4.56673042208422e-05
original,2,17,17.586206436157227,18.620689392089844,GL,1.787286964827217e-05
original,2,17,17.586206436157227,18.620689392089844,RCO2R,1.896448156912811e-05
original,2,18,18.620689392089844,19.65517234802246,TG,1.571898792462889e-05
original,2,18,18.620689392089844,19.65517234802246,ROH,3.400985588086769e-05
original,2,18,18.620689392089844,19.65517234802246,DG,0.00016220708494074643
original,2,18,18.620689392089844,19.65517234802246,MG,4.777475260198116e-05
original,2,18,18.620689392089844,19.65517234802246,GL,1.944697942235507e-05
original,2,18,18.620689392089844,19.65517234802246,RCO2R,2.112784204655327e-05
original,2,19,19.65517234802246,20.689655303955078,TG,1.6176771168829873e-05
original,2,19,19.65517234802246,20.689655303955078,ROH,3.6661796912085265e-05
original,2,19,19.65517234802246,20.689655303955078,DG,0.00016582966782152653
original,2,19,19.65517234802246,20.689655303955078,MG,4.9843663873616606e-05
original,2,19,19.65517234802246,20.689655303955078,GL,2.1785748685942963e-05
original,2,19,19.65517234802246,20.689655303955078,RCO2R,2.3171054635895416e-05
original,2,20,20.689655303955078,21.724138259887695,TG,1.658149267314002e-05
original,2,20,20.689655303955078,21.724138259887695,ROH,3.910099621862173e-05
original,2,20,20.689655303955078,21.724138259887695,DG,0.000169456034200266
original,2,20,20.689655303955078,21.724138259887695,MG,5.19572822668124e-05
original,2,20,20.689655303955078,21.724138259887695,GL,2.4714487153687514e-05
original,2,20,20.689655303955078,21.724138259887695,RCO2R,2.5074343284359202e-05
original,2,21,21.724138259887695,22.758621215820312,TG,1.6938896806095727e-05
original,2,21,21.724138259887695,22.758621215820312,ROH,4.133380571147427e-05
original,2,21,21.724138259887695,22.758621215820312,DG,0.00017304012726526707
original,2,21,21.724138259887695,22.758621215820312,MG,5.418037108029239e-05
original,2,21,21.724138259887695,22.758621215820312,GL,2.8077018214389682e-05
original,2,21,21.724138259887695,22.758621215820312,RCO2R,2.6842088118428364e-05
original,2,22,22.758621215820312,23.79310417175293,TG,1.7256159480893984e-05
original,2,22,22.758621215820312,23.79310417175293,ROH,4.336961137596518e-05
original,2,22,22.758621215820312,23.79310417175293,DG,0.00017653581744525582
original,2,22,22.758621215820312,23.79310417175293,MG,5.656940629705787e-05
original,2,22,22.758621215820312,23.79310417175293,GL,3.175364327034913e-05
original,2,22,22.758621215820312,23.79310417175293,RCO2R,2.847106588887982e-05
original,2,23,23.79310417175293,24.827587127685547,TG,1.754205186443869e-05
original,2,23,23.79310417175293,24.827587127685547,ROH,4.5221386244520545e-05
original,2,23,23.79310417175293,24.827587127685547,DG,0.00017992363427765667
original,2,23,23.79310417175293,24.827587127685547,MG,5.915771907893941e-05
original,2,23,23.79310417175293,24.827587127685547,GL,3.563479913282208e-05
original,2,23,23.79310417175293,24.827587127685547,RCO2R,2.99764251394663e-05
original,2,24,24.827587127685547,25.86206817626953,TG,1.7797743566916324e-05
original,2,24,24.827587127685547,25.86206817626953,ROH,4.690309287980199e-05
original,2,24,24.827587127685547,25.86206817626953,DG,0.00018318227375857532
original,2,24,24.827587127685547,25.86206817626953,MG,6.196840695338324e-05
original,2,24,24.827587127685547,25.86206817626953,GL,3.9641643525101244e-05
original,2,24,24.827587127685547,25.86206817626953,RCO2R,3.1359028071165085e-05
original,2,25,25.86206817626953,26.89655113220215,TG,1.802863334887661e-05
original,2,25,25.86206817626953,26.89655113220215,ROH,4.842936323257163e-05
original,2,25,25.86206817626953,26.89655113220215,DG,0.00018630517297424376
original,2,25,25.86206817626953,26.89655113220215,MG,6.501584721263498e-05
original,2,25,25.86206817626953,26.89655113220215,GL,4.3706771975848824e-05
original,2,25,25.86206817626953,26.89655113220215,RCO2R,3.263074904680252e-05
original,2,26,26.89655113220215,27.931034088134766,TG,1.823899947339669e-05
original,2,26,26.89655113220215,27.931034088134766,ROH,4.981439997209236e-05
original,2,26,26.89655113220215,27.931034088134766,DG,0.0001892896689241752
original,2,26,26.89655113220215,27.931034088134766,MG,6.830180063843727e-05
original,2,26,26.89655113220215,27.931034088134766,GL,4.777807043865323e-05
original,2,26,26.89655113220215,27.931034088134766,RCO2R,3.380121779628098e-05
original,2,27,27.931034088134766,28.965517044067383,TG,1.8430751879350282e-05
original,2,27,27.931034088134766,28.965517044067383,ROH,5.107155811856501e-05
original,2,27,27.931034088134766,28.965517044067383,DG,0.00019213181803934276
original,2,27,27.931034088134766,28.965517044067383,MG,7.182337139965966e-05
original,2,27,27.931034088134766,28.965517044067383,GL,5.1815346523653716e-05
original,2,27,27.931034088134766,28.965517044067383,RCO2R,3.4880249586421996e-05
original,2,28,28.965517044067383,30.0,TG,1.8607866877573542e-05
original,2,28,28.965517044067383,30.0,ROH,5.221342507866211e-05
original,2,28,28.965517044067383,30.0,DG,0.00019483835785649717
original,2,28,28.965517044067383,30.0,MG,7.557445496786386e-05
original,2,28,28.965517044067383,30.0,GL,5.578864875133149e-05
original,2,28,28.965517044067383,30.0,RCO2R,3.587641549529508e-05
observed_interval,0,0,0.0,1.034482717514038,TG,3.336073859827593e-06
observed_interval,0,0,0.0,1.034482717514038,ROH,4.9690479499986395e-06
observed_interval,0,0,0.0,1.034482717514038,DG,0.00011225810885662213
observed_interval,0,0,0.0,1.034482717514038,MG,2.0960580513929017e-05
observed_interval,0,0,0.0,1.034482717514038,GL,2.7645717636914924e-05
observed_interval,0,0,0.0,1.034482717514038,RCO2R,5.5035097830113955e-06
observed_interval,0,1,1.034482717514038,2.068965435028076,TG,1.970501898540533e-06
observed_interval,0,1,1.034482717514038,2.068965435028076,ROH,3.4912925457319943e-06
observed_interval,0,1,1.034482717514038,2.068965435028076,DG,4.489694401854649e-05
observed_interval,0,1,1.034482717514038,2.068965435028076,MG,1.3729995771427639e-05
observed_interval,0,1,1.034482717514038,2.068965435028076,GL,9.81456287263427e-06
observed_interval,0,1,1.034482717514038,2.068965435028076,RCO2R,4.00050748794456e-06
observed_interval,0,2,2.068965435028076,3.1034483909606934,TG,1.617670591258502e-06
observed_interval,0,2,2.068965435028076,3.1034483909606934,ROH,2.9950383577670436e-06
observed_interval,0,2,2.068965435028076,3.1034483909606934,DG,3.788930916925892e-05
observed_interval,0,2,2.068965435028076,3.1034483909606934,MG,1.4385169379238505e-05
observed_interval,0,2,2.068965435028076,3.1034483909606934,GL,9.220070751325693e-06
observed_interval,0,2,2.068965435028076,3.1034483909606934,RCO2R,3.5227826629125047e-06
observed_interval,0,3,3.1034483909606934,4.137930870056152,TG,1.4465041431321879e-06
observed_interval,0,3,3.1034483909606934,4.137930870056152,ROH,2.72076113105868e-06
observed_interval,0,3,3.1034483909606934,4.137930870056152,DG,3.4986504033440724e-05
observed_interval,0,3,3.1034483909606934,4.137930870056152,MG,1.0605735951685347e-05
observed_interval,0,3,3.1034483909606934,4.137930870056152,GL,8.50858759804396e-06
observed_interval,0,3,3.1034483909606934,4.137930870056152,RCO2R,3.3689605061226757e-06
observed_interval,0,4,4.137930870056152,5.1724138259887695,TG,1.2661937489610864e-06
observed_interval,0,4,4.137930870056152,5.1724138259887695,ROH,2.4510445655323565e-06
observed_interval,0,4,4.137930870056152,5.1724138259887695,DG,3.025908699783031e-05
observed_interval,0,4,4.137930870056152,5.1724138259887695,MG,7.164986982388655e-06
observed_interval,0,4,4.137930870056152,5.1724138259887695,GL,1.017821159621235e-05
observed_interval,0,4,4.137930870056152,5.1724138259887695,RCO2R,3.004643303938792e-06
observed_interval,0,5,5.1724138259887695,6.206896781921387,TG,1.1391364296287065e-06
observed_interval,0,5,5.1724138259887695,6.206896781921387,ROH,2.4031892280618194e-06
observed_interval,0,5,5.1724138259887695,6.206896781921387,DG,2.4915509129641578e-05
observed_interval,0,5,5.1724138259887695,6.206896781921387,MG,5.049451829108875e-06
observed_interval,0,5,5.1724138259887695,6.206896781921387,GL,1.5582672858727165e-05
observed_interval,0,5,5.1724138259887695,6.206896781921387,RCO2R,2.6423920189699857e-06
observed_interval,0,6,6.206896781921387,7.241379261016846,TG,1.0932644727290608e-06
observed_interval,0,6,6.206896781921387,7.241379261016846,ROH,2.7179034987057094e-06
observed_interval,0,6,6.206896781921387,7.241379261016846,DG,2.0238632714608684e-05
observed_interval,0,6,6.206896781921387,7.241379261016846,MG,4.25811049353797e-06
observed_interval,0,6,6.206896781921387,7.241379261016846,GL,2.260888686578255e-05
observed_interval,0,6,6.206896781921387,7.241379261016846,RCO2R,2.6757825253298506e-06
observed_interval,0,7,7.241379261016846,8.275861740112305,TG,1.0844128155440558e-06
observed_interval,0,7,7.241379261016846,8.275861740112305,ROH,3.140063881801325e-06
observed_interval,0,7,7.241379261016846,8.275861740112305,DG,1.6649308236083016e-05
observed_interval,0,7,7.241379261016846,8.275861740112305,MG,4.3420077417977154e-06
observed_interval,0,7,7.241379261016846,8.275861740112305,GL,2.8419066438800655e-05
observed_interval,0,7,7.241379261016846,8.275861740112305,RCO2R,2.9713746698689647e-06
observed_interval,0,8,8.275861740112305,9.310344696044922,TG,1.071609517566685e-06
observed_interval,0,8,8.275861740112305,9.310344696044922,ROH,3.390390247659525e-06
observed_interval,0,8,8.275861740112305,9.310344696044922,DG,1.4059568457014393e-05
observed_interval,0,8,8.275861740112305,9.310344696044922,MG,4.8849842642084695e-06
observed_interval,0,8,8.275861740112305,9.310344696044922,GL,3.155630110995844e-05
observed_interval,0,8,8.275861740112305,9.310344696044922,RCO2R,3.2255879887088668e-06
observed_interval,0,9,9.310344696044922,10.344827651977539,TG,1.0429557733004913e-06
observed_interval,0,9,9.310344696044922,10.344827651977539,ROH,3.3784449442464393e-06
observed_interval,0,9,9.310344696044922,10.344827651977539,DG,1.225040432473179e-05
observed_interval,0,9,9.310344696044922,10.344827651977539,MG,5.62552668270655e-06
observed_interval,0,9,9.310344696044922,10.344827651977539,GL,3.2001938961911947e-05
observed_interval,0,9,9.310344696044922,10.344827651977539,RCO2R,3.2863797514437465e-06
observed_interval,0,10,10.344827651977539,11.379310607910156,TG,1.0044461760116974e-06
observed_interval,0,10,10.344827651977539,11.379310607910156,ROH,3.1618160392099526e-06
observed_interval,0,10,10.344827651977539,11.379310607910156,DG,1.1021125828847289e-05
observed_interval,0,10,10.344827651977539,11.379310607910156,MG,6.4032001318992116e-06
observed_interval,0,10,10.344827651977539,11.379310607910156,GL,3.046375059057027e-05
observed_interval,0,10,10.344827651977539,11.379310607910156,RCO2R,3.1646632123738527e-06
observed_interval,0,11,11.379310607910156,12.413793563842773,TG,9.66552192949166e-07
observed_interval,0,11,11.379310607910156,12.413793563842773,ROH,2.8467729862313718e-06
observed_interval,0,11,11.379310607910156,12.413793563842773,DG,1.0217380804533605e-05
observed_interval,0,11,11.379310607910156,12.413793563842773,MG,7.11207485437626e-06
observed_interval,0,11,11.379310607910156,12.413793563842773,GL,2.7773503461503424e-05
observed_interval,0,11,11.379310607910156,12.413793563842773,RCO2R,2.9418602025543805e-06
observed_interval,0,12,12.413793563842773,13.448275566101074,TG,9.369621807309159e-07
observed_interval,0,12,12.413793563842773,13.448275566101074,ROH,2.5245012693630997e-06
observed_interval,0,12,12.413793563842773,13.448275566101074,DG,9.722790309751872e-06
observed_interval,0,12,12.413793563842773,13.448275566101074,MG,7.686589015065692e-06
observed_interval,0,12,12.413793563842773,13.448275566101074,GL,2.46099843934644e-05
observed_interval,0,12,12.413793563842773,13.448275566101074,RCO2R,2.6997749955626205e-06
observed_interval,0,13,13.448275566101074,14.482758522033691,TG,9.192377774525085e-07
observed_interval,0,13,13.448275566101074,14.482758522033691,ROH,2.2521496703120647e-06
observed_interval,0,13,13.448275566101074,14.482758522033691,DG,9.44725707086036e-06
observed_interval,0,13,13.448275566101074,14.482758522033691,MG,8.098938451439608e-06
observed_interval,0,13,13.448275566101074,14.482758522033691,GL,2.1433970687212422e-05
observed_interval,0,13,13.448275566101074,14.482758522033691,RCO2R,2.4936027784860926e-06
observed_interval,0,14,14.482758522033691,15.517241477966309,TG,9.141343184637662e-07
observed_interval,0,14,14.482758522033691,15.517241477966309,ROH,2.0561797100526746e-06
observed_interval,0,14,14.482758522033691,15.517241477966309,DG,9.321114703197964e-06
observed_interval,0,14,14.482758522033691,15.517241477966309,MG,8.353529665328097e-06
observed_interval,0,14,14.482758522033691,15.517241477966309,GL,1.8514780094847083e-05
observed_interval,0,14,14.482758522033691,15.517241477966309,RCO2R,2.351001512579387e-06
observed_interval,0,15,15.517241477966309,16.55172348022461,TG,9.202970545629796e-07
observed_interval,0,15,15.517241477966309,16.55172348022461,ROH,1.9420240278122947e-06
observed_interval,0,15,15.517241477966309,16.55172348022461,DG,9.291225069318898e-06
observed_interval,0,15,15.517241477966309,16.55172348022461,MG,8.476748007524293e-06
observed_interval,0,15,15.517241477966309,16.55172348022461,GL,1.5983641787897795e-05
observed_interval,0,15,15.517241477966309,16.55172348022461,RCO2R,2.279578893649159e-06
observed_interval,0,16,16.55172348022461,17.586206436157227,TG,9.361638149130158e-07
observed_interval,0,16,16.55172348022461,17.586206436157227,ROH,1.9037436231883476e-06
observed_interval,0,16,16.55172348022461,17.586206436157227,DG,9.31875274545746e-06
observed_interval,0,16,16.55172348022461,17.586206436157227,MG,8.508728569722734e-06
observed_interval,0,16,16.55172348022461,17.586206436157227,GL,1.3882992789149284e-05
observed_interval,0,16,16.55172348022461,17.586206436157227,RCO2R,2.275916585858795e-06
observed_interval,0,17,17.586206436157227,18.620689392089844,TG,9.595279379936983e-07
observed_interval,0,17,17.586206436157227,18.620689392089844,ROH,1.9304898160044104e-06
observed_interval,0,17,17.586206436157227,18.620689392089844,DG,9.372843123856e-06
observed_interval,0,17,17.586206436157227,18.620689392089844,MG,8.49524985824246e-06
observed_interval,0,17,17.586206436157227,18.620689392089844,GL,1.2203287951706443e-05
observed_interval,0,17,17.586206436157227,18.620689392089844,RCO2R,2.331616087758448e-06
observed_interval,0,18,18.620689392089844,19.65517234802246,TG,9.90251805887965e-07
observed_interval,0,18,18.620689392089844,19.65517234802246,ROH,2.0106988358747913e-06
observed_interval,0,18,18.620689392089844,19.65517234802246,DG,9.43945451581385e-06
observed_interval,0,18,18.620689392089844,19.65517234802246,MG,8.484819773002528e-06
observed_interval,0,18,18.620689392089844,19.65517234802246,GL,1.0904668670264073e-05
observed_interval,0,18,18.620689392089844,19.65517234802246,RCO2R,2.434334646750358e-06
observed_interval,0,19,19.65517234802246,20.689655303955078,TG,1.0259226428388502e-06
observed_interval,0,19,19.65517234802246,20.689655303955078,ROH,2.133333055098774e-06
observed_interval,0,19,19.65517234802246,20.689655303955078,DG,9.500852684141137e-06
observed_interval,0,19,19.65517234802246,20.689655303955078,MG,8.516085472365376e-06
observed_interval,0,19,19.65517234802246,20.689655303955078,GL,9.939072697306983e-06
observed_interval,0,19,19.65517234802246,20.689655303955078,RCO2R,2.5770907541300403e-06
observed_interval,0,20,20.689655303955078,21.724138259887695,TG,1.0663504781405209e-06
observed_interval,0,20,20.689655303955078,21.724138259887695,ROH,2.2896379050507676e-06
observed_interval,0,20,20.689655303955078,21.724138259887695,DG,9.551346010994166e-06
observed_interval,0,20,20.689655303955078,21.724138259887695,MG,8.62625256559113e-06
observed_interval,0,20,20.689655303955078,21.724138259887695,GL,9.254117685486563e-06
observed_interval,0,20,20.689655303955078,21.724138259887695,RCO2R,2.751155761870905e-06
observed_interval,0,21,21.724138259887695,22.758621215820312,TG,1.1109463002867415e-06
observed_interval,0,21,21.724138259887695,22.758621215820312,ROH,2.4727835352678085e-06
observed_interval,0,21,21.724138259887695,22.758621215820312,DG,9.587522981746588e-06
observed_interval,0,21,21.724138259887695,22.758621215820312,MG,8.845163392834365e-06
observed_interval,0,21,21.724138259887695,22.758621215820312,GL,8.79940671438817e-06
observed_interval,0,21,21.724138259887695,22.758621215820312,RCO2R,2.951082933577709e-06
observed_interval,0,22,22.758621215820312,23.79310417175293,TG,1.1595525393204298e-06
observed_interval,0,22,22.758621215820312,23.79310417175293,ROH,2.6778457140608225e-06
observed_interval,0,22,22.758621215820312,23.79310417175293,DG,9.60780289460672e-06
observed_interval,0,22,22.758621215820312,23.79310417175293,MG,9.19484045880381e-06
observed_interval,0,22,22.758621215820312,23.79310417175293,GL,8.530453669663984e-06
observed_interval,0,22,22.758621215820312,23.79310417175293,RCO2R,3.1723234314995352e-06
observed_interval,0,23,23.79310417175293,24.827587127685547,TG,1.2119802477172925e-06
observed_interval,0,23,23.79310417175293,24.827587127685547,ROH,2.9013683615630725e-06
observed_interval,0,23,23.79310417175293,24.827587127685547,DG,9.613731890567578e-06
observed_interval,0,23,23.79310417175293,24.827587127685547,MG,9.692489584267605e-06
observed_interval,0,23,23.79310417175293,24.827587127685547,GL,8.408427675021812e-06
observed_interval,0,23,23.79310417175293,24.827587127685547,RCO2R,3.4126019272662234e-06
observed_interval,0,24,24.827587127685547,25.86206817626953,TG,1.2683356089837616e-06
observed_interval,0,24,24.827587127685547,25.86206817626953,ROH,3.1412450880452525e-06
observed_interval,0,24,24.827587127685547,25.86206817626953,DG,9.606664207240101e-06
observed_interval,0,24,24.827587127685547,25.86206817626953,MG,1.0348968316975515e-05
observed_interval,0,24,24.827587127685547,25.86206817626953,GL,8.400438673561439e-06
observed_interval,0,24,24.827587127685547,25.86206817626953,RCO2R,3.6702881516248453e-06
observed_interval,0,25,25.86206817626953,26.89655113220215,TG,1.3283313364809146e-06
observed_interval,0,25,25.86206817626953,26.89655113220215,ROH,3.3959790926019195e-06
observed_interval,0,25,25.86206817626953,26.89655113220215,DG,9.590419722371735e-06
observed_interval,0,25,25.86206817626953,26.89655113220215,MG,1.1170797733939253e-05
observed_interval,0,25,25.86206817626953,26.89655113220215,GL,8.479848474962637e-06
observed_interval,0,25,25.86206817626953,26.89655113220215,RCO2R,3.94458629671135e-06
observed_interval,0,26,26.89655113220215,27.931034088134766,TG,1.3923644246460753e-06
observed_interval,0,26,26.89655113220215,27.931034088134766,ROH,3.66511198990338e-06
observed_interval,0,26,26.89655113220215,27.931034088134766,DG,9.566634616930969e-06
observed_interval,0,26,26.89655113220215,27.931034088134766,MG,1.216080090671312e-05
observed_interval,0,26,26.89655113220215,27.931034088134766,GL,8.62487740960205e-06
observed_interval,0,26,26.89655113220215,27.931034088134766,RCO2R,4.2354381548648234e-06
observed_interval,0,27,27.931034088134766,28.965517044067383,TG,1.4602475175706786e-06
observed_interval,0,27,27.931034088134766,28.965517044067383,ROH,3.948345693061128e-06
observed_interval,0,27,27.931034088134766,28.965517044067383,DG,9.538333870295901e-06
observed_interval,0,27,27.931034088134766,28.965517044067383,MG,1.3316862350620795e-05
observed_interval,0,27,27.931034088134766,28.965517044067383,GL,8.817882189759985e-06
observed_interval,0,27,27.931034088134766,28.965517044067383,RCO2R,4.542955139186233e-06
observed_interval,0,28,28.965517044067383,30.0,TG,1.532010173832532e-06
observed_interval,0,28,28.965517044067383,30.0,ROH,4.245693162374664e-06
observed_interval,0,28,28.965517044067383,30.0,DG,9.509321898804046e-06
observed_interval,0,28,28.965517044067383,30.0,MG,1.4637048479926307e-05
observed_interval,0,28,28.965517044067383,30.0,GL,9.045268598129041e-06
observed_interval,0,28,28.965517044067383,30.0,RCO2R,4.867486950388411e-06
observed_interval,1,0,0.0,1.034482717514038,TG,6.357474831020227e-06
observed_interval,1,0,0.0,1.034482717514038,ROH,1.1784924026869703e-05
observed_interval,1,0,0.0,1.034482717514038,DG,0.00014379856293089688
observed_interval,1,0,0.0,1.034482717514038,MG,0.00010578548244666308
observed_interval,1,0,0.0,1.034482717514038,GL,2.5290544726885855e-05
observed_interval,1,0,0.0,1.034482717514038,RCO2R,1.9360870282980613e-05
observed_interval,1,1,1.034482717514038,2.068965435028076,TG,4.5835799937776756e-06
observed_interval,1,1,1.034482717514038,2.068965435028076,ROH,9.719007721287198e-06
observed_interval,1,1,1.034482717514038,2.068965435028076,DG,5.149821663508192e-05
observed_interval,1,1,1.034482717514038,2.068965435028076,MG,5.46273950021714e-05
observed_interval,1,1,1.034482717514038,2.068965435028076,GL,2.641017817950342e-05
observed_interval,1,1,1.034482717514038,2.068965435028076,RCO2R,1.7240918168681674e-05
observed_interval,1,2,2.068965435028076,3.1034483909606934,TG,4.400920261105057e-06
observed_interval,1,2,2.068965435028076,3.1034483909606934,ROH,6.730801942467224e-06
observed_interval,1,2,2.068965435028076,3.1034483909606934,DG,4.781881216331385e-05
observed_interval,1,2,2.068965435028076,3.1034483909606934,MG,8.460455865133554e-05
observed_interval,1,2,2.068965435028076,3.1034483909606934,GL,2.5217483198503032e-05
observed_interval,1,2,2.068965435028076,3.1034483909606934,RCO2R,9.89504133031005e-06
observed_interval,1,3,3.1034483909606934,4.137930870056152,TG,3.2993143577186856e-06
observed_interval,1,3,3.1034483909606934,4.137930870056152,ROH,5.472846169141121e-06
observed_interval,1,3,3.1034483909606934,4.137930870056152,DG,5.0057475164067e-05
observed_interval,1,3,3.1034483909606934,4.137930870056152,MG,6.811557977925986e-05
observed_interval,1,3,3.1034483909606934,4.137930870056152,GL,2.454941022733692e-05
observed_interval,1,3,3.1034483909606934,4.137930870056152,RCO2R,7.314235517696943e-06
observed_interval,1,4,4.137930870056152,5.1724138259887695,TG,2.3818715817469638e-06
observed_interval,1,4,4.137930870056152,5.1724138259887695,ROH,5.918433544138679e-06
observed_interval,1,4,4.137930870056152,5.1724138259887695,DG,4.4852880819235e-05
observed_interval,1,4,4.137930870056152,5.1724138259887695,MG,3.95285569538828e-05
observed_interval,1,4,4.137930870056152,5.1724138259887695,GL,2.580655927886255e-05
observed_interval,1,4,4.137930870056152,5.1724138259887695,RCO2R,8.090584742603824e-06
observed_interval,1,5,5.1724138259887695,6.206896781921387,TG,1.8474499938747613e-06
observed_interval,1,5,5.1724138259887695,6.206896781921387,ROH,6.658835445705336e-06
observed_interval,1,5,5.1724138259887695,6.206896781921387,DG,3.589989137253724e-05
observed_interval,1,5,5.1724138259887695,6.206896781921387,MG,2.0151830540271476e-05
observed_interval,1,5,5.1724138259887695,6.206896781921387,GL,2.798639252432622e-05
observed_interval,1,5,5.1724138259887695,6.206896781921387,RCO2R,9.27503606362734e-06
observed_interval,1,6,6.206896781921387,7.241379261016846,TG,1.5495952538913116e-06
observed_interval,1,6,6.206896781921387,7.241379261016846,ROH,6.977611519687343e-06
observed_interval,1,6,6.206896781921387,7.241379261016846,DG,2.7110228984383866e-05
observed_interval,1,6,6.206896781921387,7.241379261016846,MG,1.198917470901506e-05
observed_interval,1,6,6.206896781921387,7.241379261016846,GL,2.964368832181208e-05
observed_interval,1,6,6.206896781921387,7.241379261016846,RCO2R,9.694148502603639e-06
observed_interval,1,7,7.241379261016846,8.275861740112305,TG,1.3526121165341465e-06
observed_interval,1,7,7.241379261016846,8.275861740112305,ROH,6.756264156138059e-06
observed_interval,1,7,7.241379261016846,8.275861740112305,DG,2.0164916350040585e-05
observed_interval,1,7,7.241379261016846,8.275861740112305,MG,1.0760815712274052e-05
observed_interval,1,7,7.241379261016846,8.275861740112305,GL,2.9905510018579662e-05
observed_interval,1,7,7.241379261016846,8.275861740112305,RCO2R,9.263000720238779e-06
observed_interval,1,8,8.275861740112305,9.310344696044922,TG,1.1910858574992744e-06
observed_interval,1,8,8.275861740112305,9.310344696044922,ROH,6.141904123069253e-06
observed_interval,1,8,8.275861740112305,9.310344696044922,DG,1.5279507351806387e-05
observed_interval,1,8,8.275861740112305,9.310344696044922,MG,1.238282311533112e-05
observed_interval,1,8,8.275861740112305,9.310344696044922,GL,2.8652788387262262e-05
observed_interval,1,8,8.275861740112305,9.310344696044922,RCO2R,8.27494659461081e-06
observed_interval,1,9,9.310344696044922,10.344827651977539,TG,1.0468692153153825e-06
observed_interval,1,9,9.310344696044922,10.344827651977539,ROH,5.3441140153154265e-06
observed_interval,1,9,9.310344696044922,10.344827651977539,DG,1.2069524927937891e-05
observed_interval,1,9,9.310344696044922,10.344827651977539,MG,1.440998494217638e-05
observed_interval,1,9,9.310344696044922,10.344827651977539,GL,2.626805508043617e-05
observed_interval,1,9,9.310344696044922,10.344827651977539,RCO2R,7.060202278807992e-06
observed_interval,1,10,10.344827651977539,11.379310607910156,TG,9.195836128128576e-07
observed_interval,1,10,10.344827651977539,11.379310607910156,ROH,4.54135306426906e-06
observed_interval,1,10,10.344827651977539,11.379310607910156,DG,1.0017359272751492e-05
observed_interval,1,10,10.344827651977539,11.379310607910156,MG,1.5753941625007428e-05
observed_interval,1,10,10.344827651977539,11.379310607910156,GL,2.3305872673518024e-05
observed_interval,1,10,10.344827651977539,11.379310607910156,RCO2R,5.869436336070066e-06
observed_interval,1,11,11.379310607910156,12.413793563842773,TG,8.141856824295246e-07
observed_interval,1,11,11.379310607910156,12.413793563842773,ROH,3.853056114166975e-06
observed_interval,1,11,11.379310607910156,12.413793563842773,DG,8.682561201567296e-06
observed_interval,1,11,11.379310607910156,12.413793563842773,MG,1.6131711163325235e-05
observed_interval,1,11,11.379310607910156,12.413793563842773,GL,2.0279419914004393e-05
observed_interval,1,11,11.379310607910156,12.413793563842773,RCO2R,4.856629857385997e-06
observed_interval,1,12,12.413793563842773,13.448275566101074,TG,7.349410111601173e-07
observed_interval,1,12,12.413793563842773,13.448275566101074,ROH,3.3416097267036093e-06
observed_interval,1,12,12.413793563842773,13.448275566101074,DG,7.757953426335007e-06
observed_interval,1,12,12.413793563842773,13.448275566101074,MG,1.5659594282624312e-05
observed_interval,1,12,12.413793563842773,13.448275566101074,GL,1.7559741536388174e-05
observed_interval,1,12,12.413793563842773,13.448275566101074,RCO2R,4.094844825885957e-06
observed_interval,1,13,13.448275566101074,14.482758522033691,TG,6.836034458501672e-07
observed_interval,1,13,13.448275566101074,14.482758522033691,ROH,3.0265732675616164e-06
observed_interval,1,13,13.448275566101074,14.482758522033691,DG,7.058445589791518e-06
observed_interval,1,13,13.448275566101074,14.482758522033691,MG,1.4608833225793205e-05
observed_interval,1,13,13.448275566101074,14.482758522033691,GL,1.5366200386779383e-05
observed_interval,1,13,13.448275566101074,14.482758522033691,RCO2R,3.6009525956615107e-06
observed_interval,1,14,14.482758522033691,15.517241477966309,TG,6.598861546081025e-07
observed_interval,1,14,14.482758522033691,15.517241477966309,ROH,2.899962964875158e-06
observed_interval,1,14,14.482758522033691,15.517241477966309,DG,6.48846344120102e-06
observed_interval,1,14,14.482758522033691,15.517241477966309,MG,1.3275719538796693e-05
observed_interval,1,14,14.482758522033691,15.517241477966309,GL,1.3792309800919611e-05
observed_interval,1,14,14.482758522033691,15.517241477966309,RCO2R,3.3580120089027332e-06
observed_interval,1,15,15.517241477966309,16.55172348022461,TG,6.618130328206462e-07
observed_interval,1,15,15.517241477966309,16.55172348022461,ROH,2.938403440566617e-06
observed_interval,1,15,15.517241477966309,16.55172348022461,DG,6.008134732837789e-06
observed_interval,1,15,15.517241477966309,16.55172348022461,MG,1.1925316357519478e-05
observed_interval,1,15,15.517241477966309,16.55172348022461,GL,1.2842242540500592e-05
observed_interval,1,15,15.517241477966309,16.55172348022461,RCO2R,3.3316398457827745e-06
observed_interval,1,16,16.55172348022461,17.586206436157227,TG,6.867039132885111e-07
observed_interval,1,16,16.55172348022461,17.586206436157227,ROH,3.1122867767408025e-06
observed_interval,1,16,16.55172348022461,17.586206436157227,DG,5.611564574792283e-06
observed_interval,1,16,16.55172348022461,17.586206436157227,MG,1.0763728823803831e-05
observed_interval,1,16,16.55172348022461,17.586206436157227,GL,1.2465851796150673e-05
observed_interval,1,16,16.55172348022461,17.586206436157227,RCO2R,3.4817669529729756e-06
observed_interval,1,17,17.586206436157227,18.620689392089844,TG,7.313475407499936e-07
observed_interval,1,17,17.586206436157227,18.620689392089844,ROH,3.3914934647327755e-06
observed_interval,1,17,17.586206436157227,18.620689392089844,DG,5.3080461839272175e-06
observed_interval,1,17,17.586206436157227,18.620689392089844,MG,9.942325050360523e-06
observed_interval,1,17,17.586206436157227,18.620689392089844,GL,1.2586143384396564e-05
observed_interval,1,17,17.586206436157227,18.620689392089844,RCO2R,3.767981297642109e-06
observed_interval,1,18,18.620689392089844,19.65517234802246,TG,7.924280680526863e-07
observed_interval,1,18,18.620689392089844,19.65517234802246,ROH,3.748084054677747e-06
observed_interval,1,18,18.620689392089844,19.65517234802246,DG,5.11227517563384e-06
observed_interval,1,18,18.620689392089844,19.65517234802246,MG,9.557199518894777e-06
observed_interval,1,18,18.620689392089844,19.65517234802246,GL,1.3115088222548366e-05
observed_interval,1,18,18.620689392089844,19.65517234802246,RCO2R,4.154359885433223e-06
observed_interval,1,19,19.65517234802246,20.689655303955078,TG,8.668063173900009e-07
observed_interval,1,19,19.65517234802246,20.689655303955078,ROH,4.158207048021723e-06
observed_interval,1,19,19.65517234802246,20.689655303955078,DG,5.038574272475671e-06
observed_interval,1,19,19.65517234802246,20.689655303955078,MG,9.662262527854182e-06
observed_interval,1,19,19.65517234802246,20.689655303955078,GL,1.3967810446047224e-05
observed_interval,1,19,19.65517234802246,20.689655303955078,RCO2R,4.610474661603803e-06
observed_interval,1,20,20.689655303955078,21.724138259887695,TG,9.517303851680481e-07
observed_interval,1,20,20.689655303955078,21.724138259887695,ROH,4.602207354764687e-06
observed_interval,1,20,20.689655303955078,21.724138259887695,DG,5.098738711240003e-06
observed_interval,1,20,20.689655303955078,21.724138259887695,MG,1.0279239177179988e-05
observed_interval,1,20,20.689655303955078,21.724138259887695,GL,1.5065071238495875e-05
observed_interval,1,20,20.689655303955078,21.724138259887695,RCO2R,5.11097732669441e-06
observed_interval,1,21,21.724138259887695,22.758621215820312,TG,1.0446066198710469e-06
observed_interval,1,21,21.724138259887695,22.758621215820312,ROH,5.064518063591095e-06
observed_interval,1,21,21.724138259887695,22.758621215820312,DG,5.300206339597935e-06
observed_interval,1,21,21.724138259887695,22.758621215820312,MG,1.1404419637983665e-05
observed_interval,1,21,21.724138259887695,22.758621215820312,GL,1.633877764106728e-05
observed_interval,1,21,21.724138259887695,22.758621215820312,RCO2R,5.636565674649319e-06
observed_interval,1,22,22.758621215820312,23.79310417175293,TG,1.1434933639975497e-06
observed_interval,1,22,22.758621215820312,23.79310417175293,ROH,5.533076546271332e-06
observed_interval,1,22,22.758621215820312,23.79310417175293,DG,5.645904820994474e-06
observed_interval,1,22,22.758621215820312,23.79310417175293,MG,1.3017423043493181e-05
observed_interval,1,22,22.758621215820312,23.79310417175293,GL,1.773190342646558e-05
observed_interval,1,22,22.758621215820312,23.79310417175293,RCO2R,6.172130269987974e-06
observed_interval,1,23,23.79310417175293,24.827587127685547,TG,1.2464302017178852e-06
observed_interval,1,23,23.79310417175293,24.827587127685547,ROH,5.9990516092511825e-06
observed_interval,1,23,23.79310417175293,24.827587127685547,DG,6.136548563517863e-06
observed_interval,1,23,23.79310417175293,24.827587127685547,MG,1.5087554857018404e-05
observed_interval,1,23,23.79310417175293,24.827587127685547,GL,1.9196992070646957e-05
observed_interval,1,23,23.79310417175293,24.827587127685547,RCO2R,6.70623285259353e-06
observed_interval,1,24,24.827587127685547,25.86206817626953,TG,1.3518108517018845e-06
observed_interval,1,24,24.827587127685547,25.86206817626953,ROH,6.455741186073283e-06
observed_interval,1,24,24.827587127685547,25.86206817626953,DG,6.7688697527046315e-06
observed_interval,1,24,24.827587127685547,25.86206817626953,MG,1.7575943275005557e-05
observed_interval,1,24,24.827587127685547,25.86206817626953,GL,2.0696170395240188e-05
observed_interval,1,24,24.827587127685547,25.86206817626953,RCO2R,7.2305510911974125e-06
observed_interval,1,25,25.86206817626953,26.89655113220215,TG,1.4584809377993224e-06
observed_interval,1,25,25.86206817626953,26.89655113220215,ROH,6.898816536704544e-06
observed_interval,1,25,25.86206817626953,26.89655113220215,DG,7.536576049460564e-06
observed_interval,1,25,25.86206817626953,26.89655113220215,MG,2.0441319065866992e-05
observed_interval,1,25,25.86206817626953,26.89655113220215,GL,2.2201260435394943e-05
observed_interval,1,25,25.86206817626953,26.89655113220215,RCO2R,7.739607099210843e-06
observed_interval,1,26,26.89655113220215,27.931034088134766,TG,1.56543046614388e-06
observed_interval,1,26,26.89655113220215,27.931034088134766,ROH,7.325129445234779e-06
observed_interval,1,26,26.89655113220215,27.931034088134766,DG,8.433023140241858e-06
observed_interval,1,26,26.89655113220215,27.931034088134766,MG,2.3640284780412912e-05
observed_interval,1,26,26.89655113220215,27.931034088134766,GL,2.3688020519330166e-05
observed_interval,1,26,26.89655113220215,27.931034088134766,RCO2R,8.229731065512169e-06
observed_interval,1,27,27.931034088134766,28.965517044067383,TG,1.6716965092200553e-06
observed_interval,1,27,27.931034088134766,28.965517044067383,ROH,7.732769518042915e-06
observed_interval,1,27,27.931034088134766,28.965517044067383,DG,9.449762728763744e-06
observed_interval,1,27,27.931034088134766,28.965517044067383,MG,2.7130916350870393e-05
observed_interval,1,27,27.931034088134766,28.965517044067383,GL,2.5142222511931323e-05
observed_interval,1,27,27.931034088134766,28.965517044067383,RCO2R,8.697984412719961e-06
observed_interval,1,28,28.965517044067383,30.0,TG,1.7767499684850918e-06
observed_interval,1,28,28.965517044067383,30.0,ROH,8.120811799017247e-06
observed_interval,1,28,28.965517044067383,30.0,DG,1.0576970453257672e-05
observed_interval,1,28,28.965517044067383,30.0,MG,3.087205914198421e-05
observed_interval,1,28,28.965517044067383,30.0,GL,2.6550103939371184e-05
observed_interval,1,28,28.965517044067383,30.0,RCO2R,9.143280294665601e-06
observed_interval,2,0,0.0,1.034482717514038,TG,3.0992475785751594e-06
observed_interval,2,0,0.0,1.034482717514038,ROH,3.718282869158429e-06
observed_interval,2,0,0.0,1.034482717514038,DG,9.581514314049855e-05
observed_interval,2,0,0.0,1.034482717514038,MG,2.3069947928888723e-05
observed_interval,2,0,0.0,1.034482717514038,GL,1.643090035940986e-05
observed_interval,2,0,0.0,1.034482717514038,RCO2R,6.586504696315387e-06
observed_interval,2,1,1.034482717514038,2.068965435028076,TG,2.258624363093986e-06
observed_interval,2,1,1.034482717514038,2.068965435028076,ROH,4.133848506171489e-06
observed_interval,2,1,1.034482717514038,2.068965435028076,DG,5.521708953892812e-05
observed_interval,2,1,1.034482717514038,2.068965435028076,MG,1.0953046512440778e-05
observed_interval,2,1,1.034482717514038,2.068965435028076,GL,1.6735812096158043e-05
observed_interval,2,1,1.034482717514038,2.068965435028076,RCO2R,7.487110451620538e-06
observed_interval,2,2,2.068965435028076,3.1034483909606934,TG,1.978811724256957e-06
observed_interval,2,2,2.068965435028076,3.1034483909606934,ROH,4.215982244204497e-06
observed_interval,2,2,2.068965435028076,3.1034483909606934,DG,4.448933759704232e-05
observed_interval,2,2,2.068965435028076,3.1034483909606934,MG,8.76688318385277e-06
observed_interval,2,2,2.068965435028076,3.1034483909606934,GL,1.731657721393276e-05
observed_interval,2,2,2.068965435028076,3.1034483909606934,RCO2R,6.395422587957e-06
observed_interval,2,3,3.1034483909606934,4.137930870056152,TG,1.2111001979064895e-06
observed_interval,2,3,3.1034483909606934,4.137930870056152,ROH,3.7838785829080734e-06
observed_interval,2,3,3.1034483909606934,4.137930870056152,DG,3.4164535463787615e-05
observed_interval,2,3,3.1034483909606934,4.137930870056152,MG,7.509640909120208e-06
observed_interval,2,3,3.1034483909606934,4.137930870056152,GL,2.011151082115248e-05
observed_interval,2,3,3.1034483909606934,4.137930870056152,RCO2R,3.7299068935681134e-06
observed_interval,2,4,4.137930870056152,5.1724138259887695,TG,9.17387183108076e-07
observed_interval,2,4,4.137930870056152,5.1724138259887695,ROH,3.2923283015406923e-06
observed_interval,2,4,4.137930870056152,5.1724138259887695,DG,2.4072151063592173e-05
observed_interval,2,4,4.137930870056152,5.1724138259887695,MG,7.3081419031950645e-06
observed_interval,2,4,4.137930870056152,5.1724138259887695,GL,2.5164179533021525e-05
observed_interval,2,4,4.137930870056152,5.1724138259887695,RCO2R,3.5514617593435105e-06
observed_interval,2,5,5.1724138259887695,6.206896781921387,TG,9.083331633519265e-07
observed_interval,2,5,5.1724138259887695,6.206896781921387,ROH,3.3741041534085525e-06
observed_interval,2,5,5.1724138259887695,6.206896781921387,DG,1.6747662812122144e-05
observed_interval,2,5,5.1724138259887695,6.206896781921387,MG,7.279579676833237e-06
observed_interval,2,5,5.1724138259887695,6.206896781921387,GL,2.986865001730621e-05
observed_interval,2,5,5.1724138259887695,6.206896781921387,RCO2R,4.855926363234175e-06
observed_interval,2,6,6.206896781921387,7.241379261016846,TG,9.288444857702416e-07
observed_interval,2,6,6.206896781921387,7.241379261016846,ROH,3.8654425225104205e-06
observed_interval,2,6,6.206896781921387,7.241379261016846,DG,1.2156126103946008e-05
observed_interval,2,6,6.206896781921387,7.241379261016846,MG,6.92822413839167e-06
observed_interval,2,6,6.206896781921387,7.241379261016846,GL,3.242402453906834e-05
observed_interval,2,6,6.206896781921387,7.241379261016846,RCO2R,6.091781870054547e-06
observed_interval,2,7,7.241379261016846,8.275861740112305,TG,8.875216508386075e-07
observed_interval,2,7,7.241379261016846,8.275861740112305,ROH,4.309794803702971e-06
observed_interval,2,7,7.241379261016846,8.275861740112305,DG,9.386087185703218e-06
observed_interval,2,7,7.241379261016846,8.275861740112305,MG,6.252625553315738e-06
observed_interval,2,7,7.241379261016846,8.275861740112305,GL,3.238593490095809e-05
observed_interval,2,7,7.241379261016846,8.275861740112305,RCO2R,6.561474037880544e-06
observed_interval,2,8,8.275861740112305,9.310344696044922,TG,7.908352017693687e-07
observed_interval,2,8,8.275861740112305,9.310344696044922,ROH,4.436780272953911e-06
observed_interval,2,8,8.275861740112305,9.310344696044922,DG,7.648848622920923e-06
observed_interval,2,8,8.275861740112305,9.310344696044922,MG,5.434024842543295e-06
observed_interval,2,8,8.275861740112305,9.310344696044922,GL,3.022497912752442e-05
observed_interval,2,8,8.275861740112305,9.310344696044922,RCO2R,6.26361452304991e-06
observed_interval,2,9,9.310344696044922,10.344827651977539,TG,6.723213914483495e-07
observed_interval,2,9,9.310344696044922,10.344827651977539,ROH,4.235311735101277e-06
observed_interval,2,9,9.310344696044922,10.344827651977539,DG,6.459339601860847e-06
observed_interval,2,9,9.310344696044922,10.344827651977539,MG,4.637096026272047e-06
observed_interval,2,9,9.310344696044922,10.344827651977539,GL,2.6750587494461797e-05
observed_interval,2,9,9.310344696044922,10.344827651977539,RCO2R,5.483366294356529e-06
observed_interval,2,10,10.344827651977539,11.379310607910156,TG,5.596792220785574e-07
observed_interval,2,10,10.344827651977539,11.379310607910156,ROH,3.830944024230121e-06
observed_interval,2,10,10.344827651977539,11.379310607910156,DG,5.569824679696467e-06
observed_interval,2,10,10.344827651977539,11.379310607910156,MG,3.9576293602294754e-06
observed_interval,2,10,10.344827651977539,11.379310607910156,GL,2.2732492652721703e-05
observed_interval,2,10,10.344827651977539,11.379310607910156,RCO2R,4.522251401795074e-06
observed_interval,2,11,11.379310607910156,12.413793563842773,TG,4.6829836719552986e-07
observed_interval,2,11,11.379310607910156,12.413793563842773,ROH,3.3700162020977587e-06
observed_interval,2,11,11.379310607910156,12.413793563842773,DG,4.870894372288603e-06
observed_interval,2,11,11.379310607910156,12.413793563842773,MG,3.4337383567617508e-06
observed_interval,2,11,11.379310607910156,12.413793563842773,GL,1.8746020941762254e-05
observed_interval,2,11,11.379310607910156,12.413793563842773,RCO2R,3.5945697618444683e-06
observed_interval,2,12,12.413793563842773,13.448275566101074,TG,4.030112847885903e-07
observed_interval,2,12,12.413793563842773,13.448275566101074,ROH,2.9612235721288016e-06
observed_interval,2,12,12.413793563842773,13.448275566101074,DG,4.322530912759248e-06
observed_interval,2,12,12.413793563842773,13.448275566101074,MG,3.0681610496685607e-06
observed_interval,2,12,12.413793563842773,13.448275566101074,GL,1.5148814782151021e-05
observed_interval,2,12,12.413793563842773,13.448275566101074,RCO2R,2.816711912601022e-06
observed_interval,2,13,13.448275566101074,14.482758522033691,TG,3.6262773051021213e-07
observed_interval,2,13,13.448275566101074,14.482758522033691,ROH,2.6636087113729445e-06
observed_interval,2,13,13.448275566101074,14.482758522033691,DG,3.910723080480238e-06
observed_interval,2,13,13.448275566101074,14.482758522033691,MG,2.8487590952863684e-06
observed_interval,2,13,13.448275566101074,14.482758522033691,GL,1.2120124665671028e-05
observed_interval,2,13,13.448275566101074,14.482758522033691,RCO2R,2.2318295123113785e-06
observed_interval,2,14,14.482758522033691,15.517241477966309,TG,3.4321209341214853e-07
observed_interval,2,14,14.482758522033691,15.517241477966309,ROH,2.4977593966468703e-06
observed_interval,2,14,14.482758522033691,15.517241477966309,DG,3.6287699458625866e-06
observed_interval,2,14,14.482758522033691,15.517241477966309,MG,2.757431730060489e-06
observed_interval,2,14,14.482758522033691,15.517241477966309,GL,9.71514600678347e-06
observed_interval,2,14,14.482758522033691,15.517241477966309,RCO2R,1.8384223494649632e-06
observed_interval,2,15,15.517241477966309,16.55172348022461,TG,3.3998477988461673e-07
observed_interval,2,15,15.517241477966309,16.55172348022461,ROH,2.458717517583864e-06
observed_interval,2,15,15.517241477966309,16.55172348022461,DG,3.4688632695178967e-06
observed_interval,2,15,15.517241477966309,16.55172348022461,MG,2.774807853711536e-06
observed_interval,2,15,15.517241477966309,16.55172348022461,GL,7.912958608358167e-06
observed_interval,2,15,15.517241477966309,16.55172348022461,RCO2R,1.6129013147292426e-06
observed_interval,2,16,16.55172348022461,17.586206436157227,TG,3.4854852515309176e-07
observed_interval,2,16,16.55172348022461,17.586206436157227,ROH,2.5289698442065855e-06
observed_interval,2,16,16.55172348022461,17.586206436157227,DG,3.4191682516393485e-06
observed_interval,2,16,16.55172348022461,17.586206436157227,MG,2.883429260691628e-06
observed_interval,2,16,16.55172348022461,17.586206436157227,GL,6.6528155002743006e-06
observed_interval,2,16,16.55172348022461,17.586206436157227,RCO2R,1.5236871604429325e-06
observed_interval,2,17,17.586206436157227,18.620689392089844,TG,3.651602469290083e-07
observed_interval,2,17,17.586206436157227,18.620689392089844,ROH,2.6861218884732807e-06
observed_interval,2,17,17.586206436157227,18.620689392089844,DG,3.465409463387914e-06
observed_interval,2,17,17.586206436157227,18.620689392089844,MG,3.067189027206041e-06
observed_interval,2,17,17.586206436157227,18.620689392089844,GL,5.858247277501505e-06
observed_interval,2,17,17.586206436157227,18.620689392089844,RCO2R,1.538712922410923e-06
observed_interval,2,18,18.620689392089844,19.65517234802246,TG,3.868773035264894e-07
observed_interval,2,18,18.620689392089844,19.65517234802246,ROH,2.90805382974213e-06
observed_interval,2,18,18.620689392089844,19.65517234802246,DG,3.591968834371073e-06
observed_interval,2,18,18.620689392089844,19.65517234802246,MG,3.3117096336354734e-06
observed_interval,2,18,18.620689392089844,19.65517234802246,GL,5.4506717788171954e-06
observed_interval,2,18,18.620689392089844,19.65517234802246,RCO2R,1.629771759326104e-06
observed_interval,2,19,19.65517234802246,20.689655303955078,TG,4.115198919407703e-07
observed_interval,2,19,19.65517234802246,20.689655303955078,ROH,3.174966650476563e-06
observed_interval,2,19,19.65517234802246,20.689655303955078,DG,3.783120064326795e-06
observed_interval,2,19,19.65517234802246,20.689655303955078,MG,3.603914137784159e-06
observed_interval,2,19,19.65517234802246,20.689655303955078,GL,5.357429017749382e-06
observed_interval,2,19,19.65517234802246,20.689655303955078,RCO2R,1.7735674191499129e-06
observed_interval,2,20,20.689655303955078,21.724138259887695,TG,4.375707192139089e-07
observed_interval,2,20,20.689655303955078,21.724138259887695,ROH,3.4703364235610934e-06
observed_interval,2,20,20.689655303955078,21.724138259887695,DG,4.024671852675965e-06
observed_interval,2,20,20.689655303955078,21.724138259887695,MG,3.933444531867281e-06
observed_interval,2,20,20.689655303955078,21.724138259887695,GL,5.514986696653068e-06
observed_interval,2,20,20.689655303955078,21.724138259887695,RCO2R,1.9516046450007707e-06
observed_interval,2,21,21.724138259887695,22.758621215820312,TG,4.63913522708026e-07
observed_interval,2,21,21.724138259887695,22.758621215820312,ROH,3.781318127948907e-06
observed_interval,2,21,21.724138259887695,22.758621215820312,DG,4.302933120925445e-06
observed_interval,2,21,21.724138259887695,22.758621215820312,MG,4.29011606684071e-06
observed_interval,2,21,21.724138259887695,22.758621215820312,GL,5.870254426554311e-06
observed_interval,2,21,21.724138259887695,22.758621215820312,RCO2R,2.150319687643787e-06
observed_interval,2,22,22.758621215820312,23.79310417175293,TG,4.898735710412438e-07
observed_interval,2,22,22.758621215820312,23.79310417175293,ROH,4.097591954632662e-06
observed_interval,2,22,22.758621215820312,23.79310417175293,DG,4.607233222486684e-06
observed_interval,2,22,22.758621215820312,23.79310417175293,MG,4.6662416934850626e-06
observed_interval,2,22,22.758621215820312,23.79310417175293,GL,6.379259957611794e-06
observed_interval,2,22,22.758621215820312,23.79310417175293,RCO2R,2.35934430747875e-06
observed_interval,2,23,23.79310417175293,24.827587127685547,TG,5.151480877430004e-07
observed_interval,2,23,23.79310417175293,24.827587127685547,ROH,4.411855115904473e-06
observed_interval,2,23,23.79310417175293,24.827587127685547,DG,4.927278041577665e-06
observed_interval,2,23,23.79310417175293,24.827587127685547,MG,5.055188466940308e-06
observed_interval,2,23,23.79310417175293,24.827587127685547,GL,7.00728105584858e-06
observed_interval,2,23,23.79310417175293,24.827587127685547,RCO2R,2.57177862295066e-06
observed_interval,2,24,24.827587127685547,25.86206817626953,TG,5.395266953200917e-07
observed_interval,2,24,24.827587127685547,25.86206817626953,ROH,4.718979653262068e-06
observed_interval,2,24,24.827587127685547,25.86206817626953,DG,5.255816176941153e-06
observed_interval,2,24,24.827587127685547,25.86206817626953,MG,5.451521246868651e-06
observed_interval,2,24,24.827587127685547,25.86206817626953,GL,7.726631338300649e-06
observed_interval,2,24,24.827587127685547,25.86206817626953,RCO2R,2.783002855721861e-06
observed_interval,2,25,25.86206817626953,26.89655113220215,TG,5.629057682199345e-07
observed_interval,2,25,25.86206817626953,26.89655113220215,ROH,5.015490387449972e-06
observed_interval,2,25,25.86206817626953,26.89655113220215,DG,5.586756742559373e-06
observed_interval,2,25,25.86206817626953,26.89655113220215,MG,5.85073985348572e-06
observed_interval,2,25,25.86206817626953,26.89655113220215,GL,8.516240995959379e-06
observed_interval,2,25,25.86206817626953,26.89655113220215,RCO2R,2.9898421871621395e-06
observed_interval,2,26,26.89655113220215,27.931034088134766,TG,5.857832547917496e-07
observed_interval,2,26,26.89655113220215,27.931034088134766,ROH,5.298863925418118e-06
observed_interval,2,26,26.89655113220215,27.931034088134766,DG,5.9133221839147154e-06
observed_interval,2,26,26.89655113220215,27.931034088134766,MG,6.250099431781564e-06
observed_interval,2,26,26.89655113220215,27.931034088134766,GL,9.359167961520143e-06
observed_interval,2,26,26.89655113220215,27.931034088134766,RCO2R,3.1911754376778845e-06
observed_interval,2,27,27.931034088134766,28.965517044067383,TG,6.079163767935825e-07
observed_interval,2,27,27.931034088134766,28.965517044067383,ROH,5.568213964579627e-06
observed_interval,2,27,27.931034088134766,28.965517044067383,DG,6.233567546587437e-06
observed_interval,2,27,27.931034088134766,28.965517044067383,MG,6.6452375904191285e-06
observed_interval,2,27,27.931034088134766,28.965517044067383,GL,1.0242800271953456e-05
observed_interval,2,27,27.931034088134766,28.965517044067383,RCO2R,3.385809804967721e-06
observed_interval,2,28,28.965517044067383,30.0,TG,6.294221748248674e-07
observed_interval,2,28,28.965517044067383,30.0,ROH,5.822870662086643e-06
observed_interval,2,28,28.965517044067383,30.0,DG,6.5448607529106084e-06
observed_interval,2,28,28.965517044067383,30.0,MG,7.036382157821208e-06
observed_interval,2,28,28.965517044067383,30.0,GL,1.115855593525339e-05
observed_interval,2,28,28.965517044067383,30.0,RCO2R,3.57456156052649e-06
