noise_pct,tol,rtol,atol,clean_mse_time_avg,clean_eq18,noisy_mse_time_avg,noisy_eq18,max_abs_diff_vs_E_norm,mean_abs_diff_vs_E_norm,nfe_dense,seconds_dense
0,A,0.01,1e-06,7.236348925914361e-05,0.0021709046777743084,7.236348925914361e-05,0.0021709046777743084,0.00525182472428809,0.0010154183897764734,50,0.016482791979797184
0,B,0.0001,1e-08,8.119088307044033e-05,0.0024357264921132096,8.119088307044033e-05,0.0024357264921132096,7.584810545346876e-05,1.6738356998089474e-05,74,0.020195959019474685
0,C,1e-06,1e-10,8.134361289254432e-05,0.0024403083867763297,8.134361289254432e-05,0.0024403083867763297,1.6994220459753961e-06,3.488398629638399e-07,128,0.02803908399073407
0,D,1e-08,1e-10,8.134674881191643e-05,0.002440402464357493,8.134674881191643e-05,0.002440402464357493,3.850463770049828e-08,9.033964424512522e-09,236,0.0507464170223102
0,E,1e-10,1e-12,8.134682479317865e-05,0.0024404047437953597,8.134682479317865e-05,0.0024404047437953597,0.0,0.0,542,0.10770091699669138
5,A,0.01,1e-06,6.636818612235079e-05,0.0019910455836705237,0.0018949716040777063,0.05684914812233119,0.003187106107262805,0.0008171115657607278,50,0.015988332976121455
5,B,0.0001,1e-08,6.934190870159077e-05,0.002080257261047723,0.001897901343076684,0.05693704029230052,8.02830500470364e-05,1.662450864140919e-05,74,0.01936191599816084
5,C,1e-06,1e-10,6.947503880429879e-05,0.0020842511641289635,0.001897928108503526,0.05693784325510578,1.676758362378905e-06,3.4153643715773905e-07,122,0.02930641599232331
5,D,1e-08,1e-10,6.94776387906179e-05,0.0020843291637185368,0.0018979262822325072,0.05693778846697522,4.27929353064016e-08,1.0200674952216867e-08,236,0.0514337089844048
5,E,1e-10,1e-12,6.947770357666352e-05,0.0020843311072999055,0.0018979262693266188,0.05693778807979857,0.0,0.0,554,0.1002763329888694
10,A,0.01,1e-06,0.002558361920551366,0.07675085761654098,0.007683622862669479,0.23050868588008436,0.12792316708993923,0.036358528873768996,50,0.016620874986983836
10,B,0.0001,1e-08,0.0001537014433585611,0.004611043300756833,0.00553806884293566,0.1661420652880698,9.860780633152988e-05,2.165642248038249e-05,68,0.019522499991580844
10,C,1e-06,1e-10,0.00015369948656294099,0.004610984596888229,0.00553783659867385,0.1661350979602155,1.25726182598207e-06,2.634420185354841e-07,122,0.027586375013925135
10,D,1e-08,1e-10,0.00015369940554501048,0.004610982166350314,0.005537831776026805,0.16613495328080416,4.117023755245697e-08,7.394379308843744e-09,224,0.04230912501225248
10,E,1e-10,1e-12,0.00015369935001549338,0.004610980500464801,0.0055378316330045975,0.16613494899013792,0.0,0.0,512,0.08331299998098984
15,A,0.01,1e-06,0.0006951433084298658,0.020854299252895975,0.008886559811964944,0.2665967943589483,0.043122616647335466,0.009488309013958961,44,0.0138363330042921
15,B,0.0001,1e-08,0.00034410497132800693,0.010323149139840207,0.008641239662682366,0.25923718988047095,3.731347094915183e-05,1.0632089348564157e-05,68,0.017655375006143004
15,C,1e-06,1e-10,0.0003440771759609843,0.01032231527882953,0.008641181778901554,0.2592354533670466,1.030476524555013e-06,2.2900539164707935e-07,122,0.026114041975233704
15,D,1e-08,1e-10,0.00034407644813906575,0.010322293444171973,0.008641178585806488,0.25923535757419464,3.1707691139359895e-08,8.20127480980522e-09,236,0.04215633304556832
15,E,1e-10,1e-12,0.000344076459533839,0.01032229378601517,0.008641178579430798,0.2592353573829239,0.0,0.0,554,0.08925754198571667
