epoch,loss,mse,pinn,mse_time_avg,elapsed_seconds,kin_out_max_raw,kin_out_max_scaled
1,16.19713020324707,16.19707679748535,0.5257246494293213,0.16197076439857483,0.2746,0.066265769302845,110.44294738769531
2,15.971884727478027,15.971847534179688,0.3679337799549103,0.15971846878528595,0.4345,0.07246647030115128,120.7774429321289
3,15.792230606079102,15.792204856872559,0.2590610980987549,0.15792204439640045,0.6366,0.08449947834014893,140.83245849609375
4,15.688347816467285,15.688323020935059,0.24668361246585846,0.15688322484493256,0.8222,0.09517751634120941,158.62918090820312
5,15.59823989868164,15.59820556640625,0.3428191840648651,0.15598206222057343,0.9981,0.10637286305427551,177.28810119628906
6,15.432610511779785,15.432559967041016,0.5102039575576782,0.15432560443878174,1.1756,0.14434970915317535,240.5828399658203
7,15.185290336608887,15.185216903686523,0.7359824776649475,0.15185217559337616,1.3576,0.20303906500339508,338.3984375
8,14.910634994506836,14.910536766052246,0.9830531477928162,0.14910537004470825,1.5529,0.2595502436161041,432.5837097167969
9,14.658614158630371,14.658493041992188,1.2150790691375732,0.14658492803573608,1.7646,0.290884405374527,484.80731201171875
10,14.437854766845703,14.437710762023926,1.43767249584198,0.14437711238861084,1.953,0.3030443787574768,505.0739440917969
11,14.247243881225586,14.247076988220215,1.668825626373291,0.14247077703475952,2.1567,0.32743436098098755,545.7239379882812
12,14.046479225158691,14.046285629272461,1.9399319887161255,0.14046286046504974,2.3716,0.3560253977775574,593.3756103515625
13,13.821479797363281,13.821255683898926,2.241511821746826,0.13821256160736084,2.5589,0.38936880230903625,648.947998046875
14,13.573814392089844,13.57355785369873,2.5671117305755615,0.13573557138442993,2.7394,0.43909770250320435,731.8294677734375
15,13.308416366577148,13.308121681213379,2.942211151123047,0.13308121263980865,2.9172,0.4786549210548401,797.7581787109375
16,13.067355155944824,13.067021369934082,3.3394505977630615,0.1306702196598053,3.1015,0.5141661763191223,856.943603515625
17,12.8645601272583,12.864190101623535,3.695556640625,0.12864190340042114,3.2846,0.5447704195976257,907.95068359375
18,12.66618537902832,12.665785789489746,3.9990181922912598,0.1266578584909439,3.4787,0.5695234537124634,949.2056884765625
19,12.433263778686523,12.43283462524414,4.294954776763916,0.12432834506034851,3.6707,0.6015837788581848,1002.6395874023438
20,12.159136772155762,12.158676147460938,4.606787204742432,0.12158676236867905,3.8534,0.6405512690544128,1067.58544921875
21,11.872933387756348,11.872441291809082,4.921384334564209,0.11872441321611404,4.0393,0.6742727160453796,1123.787841796875
22,11.614679336547852,11.614155769348145,5.232088088989258,0.11614155769348145,4.3181,0.7110108137130737,1185.0179443359375
23,11.393942832946777,11.393385887145996,5.566623210906982,0.11393386125564575,5.026,0.7468574643135071,1244.7623291015625
24,11.179464340209961,11.178868293762207,5.955831527709961,0.11178868263959885,5.2807,0.7822524905204773,1303.7540283203125
25,10.94509220123291,10.944453239440918,6.391324996948242,0.1094445288181305,5.5748,0.8302207589149475,1383.701171875
26,10.691579818725586,10.690898895263672,6.813720226287842,0.10690899193286896,5.8361,0.8734608292579651,1455.7679443359375
27,10.428329467773438,10.427616119384766,7.134799480438232,0.1042761579155922,6.0929,0.8947582840919495,1491.2637939453125
28,10.171292304992676,10.170561790466309,7.303158283233643,0.10170561820268631,6.297,0.8857290744781494,1476.215087890625
29,9.933998107910156,9.933257102966309,7.409066200256348,0.09933257102966309,6.4808,0.8666471838951111,1444.411865234375
30,9.69715690612793,9.696395874023438,7.615022659301758,0.09696395695209503,6.6726,0.9022098183631897,1503.6829833984375
31,9.439942359924316,9.439146041870117,7.958579063415527,0.09439145773649216,6.8621,0.948291003704071,1580.4849853515625
32,9.185079574584961,9.184246063232422,8.331965446472168,0.09184245765209198,7.0356,1.0056413412094116,1676.06884765625
33,8.949647903442383,8.948787689208984,8.601572036743164,0.08948788046836853,7.2157,1.0679067373275757,1779.844482421875
34,8.71613597869873,8.715264320373535,8.719752311706543,0.0871526449918747,7.4025,1.1197466850280762,1866.244384765625
35,8.468202590942383,8.467330932617188,8.714091300964355,0.08467330783605576,7.5736,1.1572256088256836,1928.709228515625
36,8.202412605285645,8.201550483703613,8.618654251098633,0.0820155069231987,7.7732,1.1865867376327515,1977.6444091796875
37,7.915256977081299,7.914412975311279,8.437808990478516,0.07914412766695023,7.9588,1.2072936296463013,2012.156005859375
38,7.612371921539307,7.6115546226501465,8.170849800109863,0.07611554861068726,8.1429,1.224449634552002,2040.749267578125
39,7.312520503997803,7.311739444732666,7.812552452087402,0.07311739772558212,8.3679,1.2317215204238892,2052.869140625
40,7.0289435386657715,7.028208255767822,7.352645397186279,0.07028207927942276,8.897,1.2290493249893188,2048.41552734375
41,6.762537956237793,6.761857986450195,6.798797607421875,0.06761857867240906,9.2224,1.2350648641586304,2058.44140625
42,6.507242679595947,6.506624698638916,6.1796674728393555,0.06506624817848206,9.4061,1.2835506200790405,2139.2509765625
43,6.260115146636963,6.259563446044922,5.516547203063965,0.06259563565254211,9.6066,1.3430577516555786,2238.429443359375
44,6.029590129852295,6.029108047485352,4.8195624351501465,0.06029108166694641,9.8569,1.409381628036499,2348.96923828125
45,5.822829723358154,5.822419166564941,4.103414535522461,0.05822419002652168,10.0466,1.4734587669372559,2455.764404296875
46,5.631608963012695,5.631269454956055,3.3940536975860596,0.056312695145606995,10.3109,1.5306485891342163,2551.080810546875
47,5.445107460021973,5.444835186004639,2.722470283508301,0.05444835126399994,10.5396,1.584250569343567,2640.41748046875
48,5.266757011413574,5.266542911529541,2.139920949935913,0.05266542732715607,10.8167,1.6404709815979004,2734.1181640625
49,5.109952926635742,5.109777927398682,1.75166916847229,0.05109778046607971,11.0657,1.7010984420776367,2835.163818359375
50,4.983135223388672,4.9829792976379395,1.5586590766906738,0.049829792231321335,11.3001,1.7612224817276,2935.37060546875
51,4.880965709686279,4.880812168121338,1.53473699092865,0.04880812019109726,11.5165,1.8136756420135498,3022.79248046875
52,4.793234825134277,4.7930731773376465,1.6158475875854492,0.04793073236942291,11.7736,1.8567432165145874,3094.57177734375
53,4.713802337646484,4.713621139526367,1.8114813566207886,0.04713620990514755,12.0069,1.8945741653442383,3157.62353515625
54,4.637057781219482,4.636852264404297,2.0557782649993896,0.04636852443218231,12.222,1.9331393241882324,3221.898681640625
55,4.558328628540039,4.558101654052734,2.270555019378662,0.045581016689538956,12.4514,1.9730414152145386,3288.402099609375
56,4.476343154907227,4.476101398468018,2.4198033809661865,0.044761013239622116,12.6836,2.0083940029144287,3347.3232421875
57,4.3914618492126465,4.391211986541748,2.4987077713012695,0.043912120163440704,12.9225,2.033858060836792,3389.76318359375
58,4.3057451248168945,4.3054938316345215,2.51142954826355,0.043054938316345215,13.2802,2.0508062839508057,3418.01025390625
59,4.220603942871094,4.220357894897461,2.4607160091400146,0.04220357909798622,13.5262,2.0662641525268555,3443.7734375
60,4.134970664978027,4.134735584259033,2.352928400039673,0.041347354650497437,13.7781,2.0861997604370117,3476.99951171875
61,4.0492353439331055,4.049014568328857,2.2098610401153564,0.04049014672636986,14.0423,2.1097443103790283,3516.240234375
62,3.96536922454834,3.965162992477417,2.062490224838257,0.03965162858366966,14.2904,2.131505250930786,3552.508544921875
63,3.8844945430755615,3.8843016624450684,1.9286073446273804,0.03884301707148552,14.5252,2.147681713104248,3579.46923828125
64,3.8070337772369385,3.806852102279663,1.8157693147659302,0.03806852176785469,14.7878,2.1590306758880615,3598.38427734375
65,3.732811689376831,3.732638120651245,1.7354551553726196,0.037326380610466,15.0314,2.169351816177368,3615.586181640625
66,3.6619343757629395,3.661764621734619,1.6984472274780273,0.03661764785647392,15.3526,2.18318247795105,3638.63720703125
67,3.5949509143829346,3.5947811603546143,1.6969903707504272,0.03594781085848808,15.6064,2.232400417327881,3720.667236328125
68,3.5311968326568604,3.5310258865356445,1.7103134393692017,0.035310257226228714,15.8627,2.2806503772735596,3801.083740234375
69,3.470317840576172,3.4701449871063232,1.7279537916183472,0.034701451659202576,16.1658,2.3314521312713623,3885.75341796875
70,3.4129526615142822,3.4127769470214844,1.7571805715560913,0.034127768129110336,16.4848,2.3798625469207764,3966.4375
71,3.3592529296875,3.3590729236602783,1.7998483180999756,0.03359073027968407,16.7685,2.4254114627838135,4042.352294921875
72,3.308678150177002,3.3084933757781982,1.8475960493087769,0.0330849327147007,17.0537,2.4675369262695312,4112.5615234375
73,3.26029372215271,3.2601051330566406,1.8853025436401367,0.03260105103254318,17.3278,2.5116331577301025,4186.05517578125
74,3.2134580612182617,3.2132675647735596,1.905430555343628,0.032132674008607864,17.6558,2.5550737380981445,4258.4560546875
75,3.167819023132324,3.1676275730133057,1.914220929145813,0.0316762775182724,17.9602,2.597332239151001,4328.88671875
76,3.122687816619873,3.1224958896636963,1.9188419580459595,0.03122495859861374,18.2825,2.6397175788879395,4399.529296875
77,3.0778863430023193,3.0776946544647217,1.9174329042434692,0.030776945874094963,18.665,2.6818325519561768,4469.720703125
78,3.033751964569092,3.0335614681243896,1.9052479267120361,0.03033561445772648,18.9982,2.72259783744812,4537.6630859375
79,2.9904873371124268,2.9902985095977783,1.8878405094146729,0.0299029853194952,19.5211,2.762023687362671,4603.37255859375
80,2.9480295181274414,2.9478416442871094,1.8785699605941772,0.029478415846824646,19.8638,2.800842523574829,4668.07080078125
81,2.9062039852142334,2.9060158729553223,1.880618691444397,0.029060158878564835,20.1543,2.83937668800354,4732.29443359375
82,2.8654048442840576,2.8652162551879883,1.886255145072937,0.028652163222432137,20.4247,2.877486228942871,4795.81005859375
83,2.8259735107421875,2.825784683227539,1.8887684345245361,0.02825784683227539,20.7187,2.9152657985687256,4858.77587890625
84,2.7880473136901855,2.787858247756958,1.8901240825653076,0.02787858247756958,21.0042,2.954613208770752,4924.35498046875
85,2.7515344619750977,2.75134539604187,1.8916360139846802,0.027513453736901283,21.2781,2.9942073822021484,4990.34521484375
86,2.7165145874023438,2.716325521469116,1.8914306163787842,0.027163255959749222,21.5719,3.0334415435791016,5055.73583984375
87,2.68284273147583,2.6826539039611816,1.8886182308197021,0.026826538145542145,21.8732,3.0721018314361572,5120.16943359375
88,2.6502561569213867,2.6500675678253174,1.8853744268417358,0.026500675827264786,22.1601,3.1103549003601074,5183.9248046875
89,2.6185176372528076,2.6183292865753174,1.8825817108154297,0.026183292269706726,22.4501,3.148503065109253,5247.5048828125
90,2.587616443634033,2.587428569793701,1.8788173198699951,0.025874285027384758,22.743,3.1865453720092773,5310.90869140625
91,2.5573999881744385,2.5572125911712646,1.8730237483978271,0.025572126731276512,23.035,3.2243106365203857,5373.8505859375
92,2.527656316757202,2.5274698734283447,1.865204095840454,0.025274699553847313,23.323,3.2617366313934326,5436.2275390625
93,2.4982922077178955,2.4981067180633545,1.855645775794983,0.024981066584587097,23.623,3.2987163066864014,5497.8603515625
94,2.4694507122039795,2.469266176223755,1.845742106437683,0.024692662060260773,23.9201,3.33524227142334,5558.73681640625
95,2.441189765930176,2.4410059452056885,1.8372153043746948,0.024410059675574303,24.2222,3.3740456104278564,5623.4091796875
96,2.4136030673980713,2.4134199619293213,1.8313590288162231,0.02413420006632805,24.5191,3.414186716079712,5690.31103515625
97,2.386845350265503,2.386662483215332,1.8294906616210938,0.023866625502705574,24.8322,3.454188585281372,5756.98046875
98,2.3609137535095215,2.3607308864593506,1.8290691375732422,0.02360730804502964,25.1326,3.4931204319000244,5821.8671875
99,2.335695743560791,2.33551287651062,1.8290542364120483,0.02335512824356556,25.4556,3.5314011573791504,5885.66845703125
100,2.3111727237701416,2.3109898567199707,1.8278069496154785,0.02310989797115326,25.8131,3.5688884258270264,5948.14697265625
101,2.287318468093872,2.2871360778808594,1.8232169151306152,0.022871360182762146,26.1465,3.6053147315979004,6008.857421875
102,2.2640438079833984,2.263861894607544,1.8183116912841797,0.02263861894607544,26.5819,3.6417343616485596,6069.55712890625
103,2.241279363632202,2.241098403930664,1.8107715845108032,0.022410983219742775,27.1505,3.67752742767334,6129.2119140625
104,2.2190089225769043,2.2188289165496826,1.8002245426177979,0.02218828909099102,27.4652,3.7127604484558105,6187.93359375
105,2.1971840858459473,2.197005033493042,1.7902804613113403,0.021970050409436226,27.7859,3.747201442718506,6245.33544921875
106,2.175786018371582,2.1756083965301514,1.7768995761871338,0.021756084635853767,28.098,3.78001070022583,6300.017578125
107,2.1548070907592773,2.154630422592163,1.7655081748962402,0.02154630422592163,28.5601,3.81229305267334,6353.8212890625
108,2.1341817378997803,2.1340065002441406,1.752596139907837,0.021340064704418182,28.8811,3.843571901321411,6405.95263671875
109,2.113839626312256,2.1136653423309326,1.741982340812683,0.021136652678251266,29.3084,3.8749313354492188,6458.21875
110,2.0937976837158203,2.0936245918273926,1.7306523323059082,0.02093624509871006,29.6253,3.90539288520813,6508.98779296875
111,2.074124574661255,2.0739524364471436,1.7221126556396484,0.020739523693919182,29.9442,3.935950994491577,6559.91796875
112,2.0548551082611084,2.0546839237213135,1.7110934257507324,0.020546838641166687,30.2721,3.9644925594329834,6607.4873046875
113,2.0361337661743164,2.035963296890259,1.7048065662384033,0.02035963349044323,30.6002,3.9952125549316406,6658.6875
114,2.0185546875,2.018385648727417,1.6896328926086426,0.020183855667710304,30.938,4.02177095413208,6702.951171875
115,2.005268096923828,2.005099058151245,1.690307378768921,0.02005099132657051,31.2723,4.06166934967041,6769.44873046875
116,2.0081593990325928,2.007990837097168,1.6851433515548706,0.02007990889251232,31.6187,4.067113399505615,6778.52197265625
117,2.0372259616851807,2.0370545387268066,1.7134934663772583,0.020370544865727425,31.9498,4.125411033630371,6875.6845703125
118,1.9943653345108032,1.9941987991333008,1.6649736166000366,0.019941987469792366,32.2953,4.114846229553223,6858.07666015625
119,1.9329051971435547,1.9327455759048462,1.5965684652328491,0.019327456131577492,32.6428,4.161406993865967,6935.67822265625
120,1.957395315170288,1.9572348594665527,1.6048080921173096,0.01957234926521778,32.9997,4.201925277709961,7003.20849609375
121,1.923155665397644,1.9229986667633057,1.5699118375778198,0.019229985773563385,33.3765,4.194828510284424,6991.38037109375
122,1.8929096460342407,1.8927572965621948,1.5237889289855957,0.018927572295069695,33.7127,4.226090431213379,7043.48388671875
