epoch,total_loss,mse_loss,batch_loss_running_mean,optimizer_step,elapsed_seconds
0,1276.571044921875,1276.571044921875,356.31918716430664,20,0.9621
1,103.99494934082031,103.99494934082031,56.344330596923825,40,1.8221
2,20.982202529907227,20.982202529907227,14.16926658153534,60,2.6707
3,8.77357292175293,8.77357292175293,6.689835500717163,80,3.4863
4,5.48433780670166,5.48433780670166,5.558335053920746,100,4.3332
5,4.7773919105529785,4.7773919105529785,5.232971757650375,120,5.2975
6,4.65592098236084,4.65592098236084,5.334003543853759,140,6.3611
7,4.48273229598999,4.48273229598999,4.485209709405899,160,7.2331
8,4.182236671447754,4.182236671447754,4.343387398123741,180,8.0897
9,4.032670021057129,4.032670021057129,4.287954097986221,200,8.9372
10,3.879110813140869,3.879110813140869,4.382223463058471,220,9.7743
11,3.812669038772583,3.812669038772583,3.889161843061447,240,10.6849
12,3.6346049308776855,3.6346049308776855,3.6741134405136107,260,11.4993
13,3.443467378616333,3.443467378616333,3.8473595827817917,280,12.3043
14,3.4549756050109863,3.4549756050109863,3.5468649595975874,300,13.088
15,3.229233980178833,3.229233980178833,3.7272344052791597,320,13.8808
16,3.2619481086730957,3.2619481086730957,3.5552878946065904,340,14.6883
17,3.181032180786133,3.181032180786133,3.2747226864099503,360,15.6798
18,3.0791409015655518,3.0791409015655518,3.056867998838425,380,16.5548
19,2.9515748023986816,2.9515748023986816,3.2347664654254915,400,17.4451
20,3.246558427810669,3.246558427810669,3.3628560662269593,420,18.2555
21,3.0112171173095703,3.0112171173095703,3.106185680627823,440,19.0693
22,2.7499618530273438,2.7499618530273438,2.869918242096901,460,19.8383
23,2.7072699069976807,2.7072699069976807,2.8603752359747885,480,20.6152
24,2.5929806232452393,2.5929806232452393,2.766572451591492,500,21.4028
25,2.599170207977295,2.599170207977295,2.763641744852066,520,22.1807
26,2.442838430404663,2.442838430404663,2.4775261282920837,540,22.9511
27,2.4499306678771973,2.4499306678771973,2.6357215493917465,560,23.7457
28,2.4041056632995605,2.4041056632995605,2.4303006917238235,580,24.5956
29,2.3003907203674316,2.3003907203674316,2.3979784071445467,600,25.5075
30,2.7721667289733887,2.7721667289733887,2.7471373975276947,620,26.3287
31,2.426969051361084,2.426969051361084,2.6203367829322817,640,27.1547
32,2.4614758491516113,2.4614758491516113,2.622606870532036,660,27.9971
33,2.820343494415283,2.820343494415283,2.353158211708069,680,29.0157
34,2.309615135192871,2.309615135192871,2.18593091070652,700,29.9613
35,1.9714033603668213,1.9714033603668213,2.154525363445282,720,30.774
36,2.0110397338867188,2.0110397338867188,2.205643904209137,740,31.6059
37,1.8977655172348022,1.8977655172348022,2.21866252720356,760,32.3776
38,2.1671202182769775,2.1671202182769775,2.2706906259059907,780,33.1672
39,2.859070301055908,2.859070301055908,2.341933196783066,800,34.0185
40,1.8017253875732422,1.8017253875732422,1.9959602683782578,820,34.7983
41,2.1721222400665283,2.1721222400665283,1.9396835625171662,840,35.5504
42,1.8822892904281616,1.8822892904281616,1.961827290058136,860,36.3462
43,1.7554752826690674,1.7554752826690674,1.902071151137352,880,37.1292
44,1.8160457611083984,1.8160457611083984,1.8061103880405427,900,37.9042
45,1.6636168956756592,1.6636168956756592,1.8614121824502945,920,38.6919
46,1.6889734268188477,1.6889734268188477,1.9039824932813645,940,39.4843
47,1.6626240015029907,1.6626240015029907,2.194068765640259,960,40.4911
48,2.296988010406494,2.296988010406494,2.1603149294853212,980,41.3548
49,1.851668357849121,1.851668357849121,1.9797839999198914,1000,42.1926
50,1.5349026918411255,1.5349026918411255,1.719448783993721,1020,43.4438
51,1.9895788431167603,1.9895788431167603,1.7900897830724716,1040,44.3037
52,1.7141926288604736,1.7141926288604736,1.674867671728134,1060,45.1205
53,1.810153603553772,1.810153603553772,1.780064857006073,1080,45.9555
54,1.4540878534317017,1.4540878534317017,1.7022588193416595,1100,46.7604
55,1.6390336751937866,1.6390336751937866,1.727014061808586,1120,47.5428
56,1.4583582878112793,1.4583582878112793,1.5972577348351478,1140,48.3189
57,1.4015802145004272,1.4015802145004272,1.7452433198690414,1160,49.1364
58,1.3525679111480713,1.3525679111480713,1.5064417123794556,1180,49.9321
59,1.418990135192871,1.418990135192871,1.661126834154129,1200,50.7129
60,1.414419174194336,1.414419174194336,1.6544712752103805,1220,51.6034
61,1.5554401874542236,1.5554401874542236,1.6277162104845047,1240,52.4107
62,1.5003674030303955,1.5003674030303955,1.5719517409801482,1260,53.2037
63,1.542328119277954,1.542328119277954,1.6774541765451432,1280,54.0399
64,1.7840073108673096,1.7840073108673096,1.4846131592988967,1300,54.8235
65,1.3966578245162964,1.3966578245162964,1.4021710187196732,1320,55.6308
66,1.6218407154083252,1.6218407154083252,1.459758710861206,1340,56.4231
67,1.3204149007797241,1.3204149007797241,1.4980045437812806,1360,57.2309
68,1.1781489849090576,1.1781489849090576,1.3190474659204483,1380,58.0128
69,1.2731901407241821,1.2731901407241821,1.2795704528689384,1400,58.7991
70,1.2107640504837036,1.2107640504837036,1.4051232382655143,1420,59.6082
71,1.142975091934204,1.142975091934204,1.3040064990520477,1440,60.3883
72,1.1092361211776733,1.1092361211776733,1.2662347078323364,1460,61.2031
73,1.4424254894256592,1.4424254894256592,1.21479422301054,1480,62.0168
74,1.5240992307662964,1.5240992307662964,1.4606030970811843,1500,62.845
75,1.0877608060836792,1.0877608060836792,1.2665801599621773,1520,63.643
76,1.1881026029586792,1.1881026029586792,1.2118031561374665,1540,64.4495
77,1.0423612594604492,1.0423612594604492,1.2005896247923373,1560,65.3016
78,1.0860927104949951,1.0860927104949951,1.2455391988158226,1580,66.6896
79,1.17045259475708,1.17045259475708,1.1599148511886597,1600,67.8689
80,1.1291335821151733,1.1291335821151733,1.2068871229887008,1620,68.6966
81,1.2932144403457642,1.2932144403457642,1.1630353398621083,1640,70.099
82,1.0202579498291016,1.0202579498291016,1.2464033216238022,1660,70.9845
83,1.1249300241470337,1.1249300241470337,1.1048477470874787,1680,71.8637
84,0.9127402305603027,0.9127402305603027,1.0672551199793816,1700,72.8427
85,0.9972790479660034,0.9972790479660034,1.0251715645194053,1720,73.8297
86,1.2930899858474731,1.2930899858474731,1.1205681025981904,1740,74.7526
87,1.0467878580093384,1.0467878580093384,1.2467834696173667,1760,75.7252
88,1.1694772243499756,1.1694772243499756,1.339682289958,1780,76.8134
89,1.1883777379989624,1.1883777379989624,1.0179730385541916,1800,77.6353
90,0.9321619868278503,0.9321619868278503,1.1747791364789009,1820,78.4463
91,1.1828484535217285,1.1828484535217285,1.2303369238972663,1840,79.2955
92,0.9821279644966125,0.9821279644966125,0.9736126840114594,1860,80.0746
93,0.8723974227905273,0.8723974227905273,0.976663576066494,1880,80.8932
94,1.0710382461547852,1.0710382461547852,1.1785612493753432,1900,81.8218
95,1.3959550857543945,1.3959550857543945,0.8782877922058105,1920,82.8715
96,1.038334846496582,1.038334846496582,0.8199177384376526,1940,83.6931
97,0.8596780896186829,0.8596780896186829,0.9029108226299286,1960,84.5302
98,0.7967749834060669,0.7967749834060669,0.896888329833746,1980,85.4755
99,0.8486224412918091,0.8486224412918091,0.9086972877383233,2000,86.4484
