epoch,total_loss,state_mse,pinn_loss,elapsed_seconds,epoch_wall_time_s,nfe
0,8.31769847869873,8.317691802978516,6.67572021484375e-06,14.3385,14.338509,2774
1,7.8446574211120605,7.8446478843688965,9.5367431640625e-06,30.7126,16.374062,3116
2,7.33268404006958,7.332671165466309,1.2874603271484375e-05,47.7694,17.056808,3230
3,6.787028789520264,6.787013530731201,1.52587890625e-05,68.8571,21.087699,3890
4,6.306720733642578,6.306702136993408,1.8596649169921875e-05,88.9013,20.044201,3692
5,5.814163684844971,5.814142227172852,2.1457672119140625e-05,107.8623,18.96104,3488
6,5.2268171310424805,5.226794242858887,2.288818359375e-05,127.6764,19.814116,3680
7,4.7124714851379395,4.7124505043029785,2.09808349609375e-05,146.7245,19.048055,3548
8,4.50506591796875,4.505047798156738,1.811981201171875e-05,164.3571,17.632624,3266
9,4.38060188293457,4.380583763122559,1.811981201171875e-05,182.837,18.479854,3392
10,4.593842506408691,4.593822956085205,1.9550323486328125e-05,201.9332,19.096192,3440
11,4.687365531921387,4.687345027923584,2.0503997802734375e-05,220.3865,18.453337,3368
12,4.702277183532715,4.702256679534912,2.0503997802734375e-05,238.4023,18.015814,3290
13,4.633811950683594,4.633791446685791,2.0503997802734375e-05,255.9718,17.56952,3200
14,4.491315841674805,4.491295337677002,2.0503997802734375e-05,273.9688,17.996984,3290
15,4.2518439292907715,4.251823425292969,2.0503997802734375e-05,292.3802,18.411372,3350
16,4.340324878692627,4.340303897857666,2.09808349609375e-05,308.8793,16.499097,2990
17,3.854868173599243,3.854846715927124,2.1457672119140625e-05,328.1475,19.268262,3542
18,3.8802297115325928,3.8802058696746826,2.384185791015625e-05,349.2633,21.115716,3848
19,3.734806776046753,3.7347822189331055,2.4557113647460938e-05,370.2735,21.010201,3812
20,3.6474502086639404,3.6474251747131348,2.5033950805664062e-05,390.2337,19.960206,3542
21,3.5741076469421387,3.5740835666656494,2.4080276489257812e-05,409.5915,19.35782,3530
22,3.63100004196167,3.6309754848480225,2.4557113647460938e-05,432.6578,23.066333,3674
23,3.538193702697754,3.5381672382354736,2.6464462280273438e-05,454.8318,22.174018,3872
24,3.5991408824920654,3.5991125106811523,2.8371810913085938e-05,476.9789,22.147087,3962
25,3.5922257900238037,3.5921967029571533,2.9087066650390625e-05,499.4626,22.483717,4058
26,3.475848913192749,3.475820541381836,2.8371810913085938e-05,521.1344,21.671762,3878
27,3.4427382946014404,3.4427106380462646,2.765655517578125e-05,542.3624,21.22799,3824
28,3.4225316047668457,3.4225046634674072,2.6941299438476562e-05,563.5229,21.160533,3794
29,3.3332629203796387,3.3332359790802,2.6941299438476562e-05,584.2575,20.734584,3710
30,3.268099784851074,3.2680726051330566,2.7179718017578125e-05,604.9598,20.702291,3752
31,3.206268787384033,3.2062418460845947,2.6941299438476562e-05,626.1373,21.177505,3830
32,3.138810157775879,3.1387836933135986,2.6464462280273438e-05,647.1237,20.986383,3806
33,3.0313661098480225,3.031341314315796,2.47955322265625e-05,667.9371,20.813371,3752
34,2.9807374477386475,2.980713367462158,2.4080276489257812e-05,689.2471,21.309995,3644
35,3.0048844814300537,3.0048599243164062,2.4557113647460938e-05,709.6031,20.356013,3644
36,2.9158661365509033,2.915843963623047,2.2172927856445312e-05,730.1009,20.497789,3674
37,2.8946545124053955,2.8946332931518555,2.1219253540039062e-05,748.4037,18.30287,3308
38,2.7664196491241455,2.7663984298706055,2.1219253540039062e-05,768.4205,20.016791,3632
39,3.0307490825653076,3.030726432800293,2.2649765014648438e-05,790.8961,22.475582,3686
40,3.0236053466796875,3.023583173751831,2.2172927856445312e-05,812.8243,21.928163,3830
41,3.3215677738189697,3.321544885635376,2.288818359375e-05,830.4832,17.658944,3176
42,3.7545077800750732,3.754481792449951,2.5987625122070312e-05,854.3552,23.872009,4346
43,4.328702926635742,4.328673362731934,2.956390380859375e-05,879.351,24.995741,4508
44,4.599386215209961,4.599353790283203,3.24249267578125e-05,903.9743,24.623323,4400
45,4.7712907791137695,4.771255970001221,3.4809112548828125e-05,930.7583,26.784017,4736
46,4.887260913848877,4.887224197387695,3.6716461181640625e-05,960.1675,29.40918,5120
47,4.966113567352295,4.9660749435424805,3.8623809814453125e-05,989.8024,29.634929,5006
48,5.017733097076416,5.017693042755127,4.00543212890625e-05,1017.6026,27.800228,4832
49,5.048282623291016,5.048241138458252,4.1484832763671875e-05,1045.8904,28.287759,4856
50,5.062256336212158,5.062213897705078,4.2438507080078125e-05,1072.7461,26.855739,4586
51,5.063160419464111,5.063117027282715,4.3392181396484375e-05,1103.2709,30.52473,4712
52,5.053040027618408,5.0529961585998535,4.38690185546875e-05,1129.528,26.25709,4502
53,5.03292179107666,5.0328779220581055,4.38690185546875e-05,1154.279,24.751063,4232
54,5.003698825836182,5.003654956817627,4.38690185546875e-05,1178.1261,23.847045,4052
55,4.966069221496582,4.966025352478027,4.38690185546875e-05,1203.493,25.366955,3812
56,4.920743465423584,4.9207000732421875,4.3392181396484375e-05,1226.2768,22.783753,3836
57,4.868452548980713,4.868410110473633,4.2438507080078125e-05,1248.1669,21.890166,3710
58,4.809768199920654,4.809726238250732,4.1961669921875e-05,1270.5342,22.36722,3752
59,4.745639324188232,4.745598316192627,4.100799560546875e-05,1293.4681,22.933901,3830
60,4.676951885223389,4.676912307739258,3.9577484130859375e-05,1316.2709,22.802865,3830
61,4.604607582092285,4.604568958282471,3.8623809814453125e-05,1339.0123,22.741426,3800
62,4.529788494110107,4.529751300811768,3.719329833984375e-05,1363.0213,24.00895,4034
63,4.453622817993164,4.453587055206299,3.5762786865234375e-05,1386.859,23.837688,4052
64,4.377298831939697,4.377264022827148,3.4809112548828125e-05,1412.8294,25.970449,4268
65,4.3020806312561035,4.302047252655029,3.337860107421875e-05,1442.0195,29.190087,4412
66,4.228973865509033,4.228941917419434,3.1948089599609375e-05,1470.9534,28.933898,4376
67,4.159049987792969,4.159019470214844,3.0517578125e-05,1496.0263,25.072929,4190
68,4.093054294586182,4.093024730682373,2.956390380859375e-05,1520.3531,24.326778,4064
69,4.03162145614624,4.031593322753906,2.8133392333984375e-05,1544.1444,23.791312,4004
70,3.9751367568969727,3.975109815597534,2.6941299438476562e-05,1568.9376,24.793171,4172
71,3.9236645698547363,3.9236385822296143,2.5987625122070312e-05,1592.7933,23.855696,4028
72,3.8771400451660156,3.877115249633789,2.47955322265625e-05,1617.5099,24.716601,4148
73,3.8353631496429443,3.835339307785034,2.384185791015625e-05,1641.8299,24.319998,4064
74,3.797773599624634,3.797750473022461,2.3126602172851562e-05,1665.8782,24.048333,4058
75,3.7639689445495605,3.763946533203125,2.2411346435546875e-05,1690.6383,24.760089,4178
76,3.7332308292388916,3.7332091331481934,2.1696090698242188e-05,1714.0759,23.437546,3956
77,3.7049400806427,3.7049190998077393,2.09808349609375e-05,1737.9578,23.881942,4040
78,3.678389549255371,3.6783690452575684,2.0503997802734375e-05,1761.2183,23.260459,3908
79,3.6527585983276367,3.6527388095855713,1.9788742065429688e-05,1784.8148,23.596553,3956
80,3.627197027206421,3.6271777153015137,1.9311904907226562e-05,1811.4479,26.633106,3962
81,3.6005845069885254,3.6005654335021973,1.9073486328125e-05,1834.4453,22.997381,3866
82,3.571349859237671,3.571331262588501,1.8596649169921875e-05,1858.3638,23.918458,3896
83,3.5366880893707275,3.536669969558716,1.811981201171875e-05,1882.9165,24.552716,3908
84,3.4898033142089844,3.4897854328155518,1.7881393432617188e-05,1905.7802,22.86369,3818
85,3.4495556354522705,3.449538469314575,1.71661376953125e-05,1927.9427,22.162561,3722
86,3.423743963241577,3.423727035522461,1.6927719116210938e-05,1949.6331,21.690389,3614
87,3.390500545501709,3.390483856201172,1.6689300537109375e-05,1971.1494,21.516285,3650
88,3.345412492752075,3.345396041870117,1.6450881958007812e-05,1992.7966,21.647222,3662
89,3.2768118381500244,3.2767956256866455,1.621246337890625e-05,2015.2452,22.448522,3794
90,3.2379345893859863,3.2379190921783447,1.5497207641601562e-05,2036.1587,20.913586,3512
91,3.2465155124664307,3.2465004920959473,1.5020370483398438e-05,2056.3504,20.19167,3416
92,3.261998414993286,3.261983633041382,1.4781951904296875e-05,2074.8581,18.507715,3140
93,3.2572617530822754,3.257246971130371,1.4781951904296875e-05,2093.9899,19.131784,3260
94,3.224008560180664,3.2239937782287598,1.4781951904296875e-05,2112.9797,18.989816,3230
95,3.170663595199585,3.1706485748291016,1.5020370483398438e-05,2131.4295,18.449756,3128
96,3.104585886001587,3.1045708656311035,1.5020370483398438e-05,2150.4093,18.979838,3236
97,3.030231475830078,3.0302159786224365,1.5497207641601562e-05,2170.2548,19.845436,3386
98,2.968275308609009,2.968259572982788,1.5735626220703125e-05,2189.5564,19.301682,3254
99,2.923060417175293,2.9230446815490723,1.5735626220703125e-05,2210.7345,21.178025,3164
100,2.8760628700256348,2.8760464191436768,1.6450881958007812e-05,2235.8481,25.113654,3356
101,2.8353703022003174,2.8353536128997803,1.6689300537109375e-05,2256.3819,20.533768,3338
102,2.80534291267395,2.805326223373413,1.6689300537109375e-05,2277.5999,21.218059,3428
103,2.7507405281066895,2.7507236003875732,1.6927719116210938e-05,2298.7756,21.175631,3446
104,2.7004880905151367,2.7004716396331787,1.6450881958007812e-05,2318.4271,19.651484,3182
105,2.6274521350860596,2.6274359226226807,1.621246337890625e-05,2338.4097,19.982626,3230
106,2.571310043334961,2.571294069290161,1.5974044799804688e-05,2356.9095,18.499778,2996
107,2.574627637863159,2.5746119022369385,1.5735626220703125e-05,2374.8062,17.89675,2882
108,2.541093587875366,2.5410778522491455,1.5735626220703125e-05,2393.0872,18.280982,2960
109,2.4688758850097656,2.468859910964966,1.5974044799804688e-05,2411.9903,18.903081,3068
110,2.4350998401641846,2.4350838661193848,1.5974044799804688e-05,2432.1824,20.192111,2942
111,2.3786981105804443,2.3786816596984863,1.6450881958007812e-05,2451.2262,19.043826,2984
112,2.365673303604126,2.365656852722168,1.6450881958007812e-05,2469.041,17.814832,2918
113,2.3406739234924316,2.3406574726104736,1.6450881958007812e-05,2487.444,18.402974,3014
114,2.2912216186523438,2.291205406188965,1.621246337890625e-05,2505.4569,18.012878,3002
115,2.272770404815674,2.272754669189453,1.5735626220703125e-05,2524.0368,18.579867,2954
116,2.286550283432007,2.2865347862243652,1.5497207641601562e-05,2543.1654,19.128626,2768
117,2.292497158050537,2.2924816608428955,1.5497207641601562e-05,2560.2378,17.07238,2798
118,2.224119186401367,2.2241036891937256,1.5497207641601562e-05,2576.7311,16.493336,2768
119,2.147826671600342,2.1478111743927,1.5497207641601562e-05,2592.9993,16.268164,2744
120,2.1408896446228027,2.140873670578003,1.5974044799804688e-05,2609.735,16.735773,2804
121,2.2724995613098145,2.2724833488464355,1.621246337890625e-05,2626.7448,17.009798,2876
122,2.104987859725952,2.1049723625183105,1.5497207641601562e-05,2643.2747,16.52981,2780
123,2.122509717941284,2.1224942207336426,1.5497207641601562e-05,2659.3014,16.026791,2684
124,2.212283134460449,2.2122676372528076,1.5497207641601562e-05,2675.3508,16.049334,2714
125,2.09287166595459,2.0928561687469482,1.5497207641601562e-05,2691.4032,16.052387,2714
126,2.0175399780273438,2.017524480819702,1.5497207641601562e-05,2706.4502,15.047054,2540
127,2.10048246383667,2.100466012954712,1.6450881958007812e-05,2723.1093,16.659065,2816
128,1.9808579683303833,1.9808423519134521,1.5616416931152344e-05,2738.3327,15.223457,2522
129,1.9892995357513428,1.9892839193344116,1.5616416931152344e-05,2753.2749,14.94218,2522
130,1.9956218004226685,1.9956060647964478,1.5735626220703125e-05,2769.6915,16.416556,2564
131,1.9801716804504395,1.9801559448242188,1.5735626220703125e-05,2786.4972,16.805688,2564
132,1.9464560747146606,1.94644033908844,1.5735626220703125e-05,2801.269,14.77179,2450
133,1.9160959720611572,1.916080117225647,1.5854835510253906e-05,2816.2633,14.994327,2498
134,1.9370810985565186,1.9370646476745605,1.6450881958007812e-05,2831.7363,15.473056,2558
135,1.927086353302002,1.9270697832107544,1.6570091247558594e-05,2847.3011,15.564778,2624
136,1.8736176490783691,1.8736014366149902,1.621246337890625e-05,2862.6632,15.362079,2594
137,1.8335407972335815,1.833524227142334,1.6570091247558594e-05,2878.2003,15.537094,2600
138,1.8713524341583252,1.8713363409042358,1.609325408935547e-05,2895.8768,17.676511,2486
139,1.8887338638305664,1.8887176513671875,1.621246337890625e-05,2913.1693,17.292457,2594
140,1.8780688047409058,1.8780525922775269,1.621246337890625e-05,2928.6153,15.446043,2582
141,1.8405855894088745,1.8405693769454956,1.621246337890625e-05,2943.7769,15.161568,2546
142,1.7703486680984497,1.7703320980072021,1.6570091247558594e-05,2958.6354,14.858541,2486
143,1.9241448640823364,1.9241278171539307,1.704692840576172e-05,2974.3645,15.729089,2672
144,1.8071883916854858,1.807172179222107,1.621246337890625e-05,2988.6045,14.239978,2414
145,1.9612823724746704,1.9612650871276855,1.728534698486328e-05,3003.6148,15.010315,2516
146,1.7441188097000122,1.7441020011901855,1.6808509826660156e-05,3018.8113,15.196518,2576
147,2.0634665489196777,2.063448905944824,1.7642974853515625e-05,3034.6212,15.809839,2678
148,1.7643771171569824,1.7643603086471558,1.6808509826660156e-05,3050.2207,15.599511,2660
149,2.161095142364502,2.1610774993896484,1.7642974853515625e-05,3064.5692,14.348503,2432
150,3.535961151123047,3.5359387397766113,2.2411346435546875e-05,3079.1706,14.601419,2468
151,2.3221702575683594,2.3221523761749268,1.7881393432617188e-05,3094.5368,15.366199,2606
152,1.798741340637207,1.7987245321273804,1.6808509826660156e-05,3109.005,14.468169,2468
153,2.246873378753662,2.2468552589416504,1.811981201171875e-05,3124.8216,15.816608,2702
154,2.3005735874176025,2.300555467605591,1.811981201171875e-05,3139.9861,15.164495,2588
155,1.8435423374176025,1.8435245752334595,1.7762184143066406e-05,3155.4824,15.496391,2642
156,2.0285983085632324,2.028580665588379,1.7642974853515625e-05,3169.701,14.21853,2408
157,2.489023447036743,2.4890050888061523,1.8358230590820312e-05,3184.1498,14.448798,2468
158,2.7024624347686768,2.702444553375244,1.7881393432617188e-05,3198.9912,14.841414,2534
159,2.562328577041626,2.562310218811035,1.8358230590820312e-05,3214.1299,15.138708,2576
160,2.061711072921753,2.061692953109741,1.811981201171875e-05,3228.8156,14.685737,2504
161,1.8366886377334595,1.8366707563400269,1.7881393432617188e-05,3243.7198,14.904185,2546
162,2.065525531768799,2.06550669670105,1.8835067749023438e-05,3258.9746,15.254825,2576
163,2.1919586658477783,2.1919398307800293,1.8835067749023438e-05,3273.912,14.937345,2522
164,2.198505401611328,2.198486328125,1.9073486328125e-05,3289.3525,15.440522,2630
165,1.963935136795044,1.9639164209365845,1.8715858459472656e-05,3306.8137,17.461146,2714
166,1.9584779739379883,1.9584598541259766,1.811981201171875e-05,3323.7976,16.983936,2600
167,2.0170786380767822,2.0170602798461914,1.8358230590820312e-05,3338.7716,14.974018,2534
168,2.2347705364227295,2.2347514629364014,1.9073486328125e-05,3354.5885,15.816872,2708
169,2.2504963874816895,2.2504775524139404,1.8835067749023438e-05,3370.405,15.816525,2684
170,3.2499024868011475,3.2498831748962402,1.9311904907226562e-05,3386.7089,16.303888,2756
171,3.6354007720947266,3.6353812217712402,1.9550323486328125e-05,3402.3976,15.688691,2672
172,3.735569477081299,3.7355499267578125,1.9550323486328125e-05,3417.9163,15.518692,2648
173,3.6890511512756348,3.6890320777893066,1.9073486328125e-05,3433.7671,15.850801,2630
174,3.494680643081665,3.494662046432495,1.8596649169921875e-05,3450.7291,16.962024,2906
175,3.1326234340667725,3.1326053142547607,1.811981201171875e-05,3467.0446,16.315474,2792
176,2.421433687210083,2.4214160442352295,1.7642974853515625e-05,3483.7159,16.671364,2852
177,1.7806456089019775,1.7806288003921509,1.6808509826660156e-05,3498.8065,15.090545,2570
178,2.680111885070801,2.680095672607422,1.621246337890625e-05,3513.6673,14.860776,2498
179,3.38783860206604,3.387821674346924,1.6927719116210938e-05,3527.7648,14.097528,2402
180,3.811277389526367,3.8112592697143555,1.811981201171875e-05,3542.675,14.91021,2546
181,3.3923745155334473,3.392357587814331,1.6927719116210938e-05,3557.2029,14.527925,2474
182,2.782655715942383,2.782639503479004,1.621246337890625e-05,3572.9687,15.765778,2666
183,1.8401063680648804,1.8400897979736328,1.6570091247558594e-05,3588.5538,15.585088,2660
184,2.0996861457824707,2.099670171737671,1.5974044799804688e-05,3604.7078,16.15397,2738
185,2.5071840286254883,2.507166862487793,1.71661376953125e-05,3621.0239,16.316093,2786
186,2.818293809890747,2.818276882171631,1.6927719116210938e-05,3637.5548,16.530963,2810
187,2.8145415782928467,2.8145246505737305,1.6927719116210938e-05,3654.4424,16.887585,2810
188,2.5548696517944336,2.5548527240753174,1.6927719116210938e-05,3673.3714,18.928966,2852
189,1.9893633127212524,1.989347219467163,1.609325408935547e-05,3690.2043,16.832939,2732
190,2.0863468647003174,2.0863301753997803,1.6689300537109375e-05,3705.8262,15.621905,2660
191,2.6260602474212646,2.626044273376465,1.5974044799804688e-05,3721.2652,15.438976,2582
192,2.5156407356262207,2.5156242847442627,1.6450881958007812e-05,3737.0064,15.741174,2684
193,1.8016389608383179,1.8016226291656494,1.633167266845703e-05,3752.853,15.846597,2696
194,2.050974130630493,2.0509581565856934,1.5974044799804688e-05,3768.6993,15.846314,2696
195,2.3530709743499756,2.3530540466308594,1.6927719116210938e-05,3785.1026,16.403331,2810
196,2.4375669956207275,2.4375500679016113,1.6927719116210938e-05,3800.7283,15.625699,2696
197,2.359065055847168,2.3590481281280518,1.6927719116210938e-05,3816.7179,15.989604,2732
198,2.0106453895568848,2.0106287002563477,1.6689300537109375e-05,3832.8817,16.163759,2750
199,1.7492389678955078,1.749222993850708,1.5974044799804688e-05,3848.4164,15.534758,2648
200,1.7769023180007935,1.7768858671188354,1.6450881958007812e-05,3864.4256,16.00916,2666
201,1.9011733531951904,1.9011566638946533,1.6689300537109375e-05,3880.7869,16.361362,2786
202,1.8458560705184937,1.8458393812179565,1.6689300537109375e-05,3896.5502,15.763284,2696
203,1.7497094869613647,1.7496930360794067,1.6450881958007812e-05,3911.9173,15.367085,2624
204,1.7206151485443115,1.7205990552902222,1.609325408935547e-05,3926.6644,14.747066,2522
205,1.8345093727111816,1.8344926834106445,1.6689300537109375e-05,3943.3565,16.69209,2840
206,1.7556746006011963,1.75565767288208,1.6927719116210938e-05,3959.4276,16.071102,2744
207,1.6957104206085205,1.6956939697265625,1.6450881958007812e-05,3974.5973,15.169714,2570
208,1.6966084241867065,1.6965916156768799,1.6808509826660156e-05,3990.7622,16.164947,2582
209,1.704887866973877,1.704870581626892,1.728534698486328e-05,4005.987,15.224733,2594
210,1.710646390914917,1.710628867149353,1.7523765563964844e-05,4022.1303,16.14331,2624
211,1.6938380002975464,1.6938202381134033,1.7762184143066406e-05,4040.5668,18.436564,2642
212,1.6671483516693115,1.667130470275879,1.7881393432617188e-05,4056.0058,15.438953,2522
213,1.6456260681152344,1.6456080675125122,1.800060272216797e-05,4070.8142,14.80841,2516
214,1.639939308166504,1.6399204730987549,1.8835067749023438e-05,4086.7114,15.897194,2672
215,1.5964758396148682,1.5964566469192505,1.919269561767578e-05,4102.6558,15.944399,2696
216,1.6390540599822998,1.6390347480773926,1.9311904907226562e-05,4117.6601,15.004271,2546
217,1.69428288936615,1.694262981414795,1.990795135498047e-05,4133.0671,15.40699,2630
218,1.6705330610275269,1.6705127954483032,2.0265579223632812e-05,4148.4728,15.405724,2618
219,1.6127264499664307,1.6127060651779175,2.0384788513183594e-05,4163.0161,14.543305,2462
220,1.5453948974609375,1.5453739166259766,2.09808349609375e-05,4178.7291,15.712989,2630
221,1.7070016860961914,1.7069796323776245,2.205371856689453e-05,4194.6084,15.879296,2708
222,1.536816120147705,1.5367944240570068,2.1696090698242188e-05,4209.6713,15.062967,2552
223,1.5838409662246704,1.5838192701339722,2.1696090698242188e-05,4223.7851,14.113792,2396
224,1.5896520614624023,1.589629888534546,2.2172927856445312e-05,4238.3596,14.57448,2468
225,1.5924947261810303,1.5924721956253052,2.2530555725097656e-05,4253.027,14.667372,2480
226,1.5815603733062744,1.5815376043319702,2.276897430419922e-05,4267.5323,14.505323,2450
227,1.5677541494369507,1.5677311420440674,2.300739288330078e-05,4281.9912,14.458922,2432
228,1.540747046470642,1.5407235622406006,2.3484230041503906e-05,4297.0286,15.03733,2552
229,1.7271125316619873,1.7270877361297607,2.47955322265625e-05,4312.8469,15.818356,2654
230,1.629168152809143,1.629143238067627,2.491474151611328e-05,4328.1753,15.328432,2606
231,1.5521199703216553,1.552095890045166,2.4080276489257812e-05,4343.8568,15.681482,2426
232,1.8580199480056763,1.8579946756362915,2.5272369384765625e-05,4361.0168,17.159962,2570
233,1.6101466417312622,1.6101219654083252,2.467632293701172e-05,4376.3595,15.342726,2594
234,1.5364547967910767,1.5364301204681396,2.467632293701172e-05,4390.3943,14.034747,2372
235,1.643357276916504,1.643331527709961,2.574920654296875e-05,4406.1598,15.765538,2648
236,1.4957119226455688,1.4956867694854736,2.5153160095214844e-05,4420.5296,14.369788,2420
237,1.5359303951263428,1.5359054803848267,2.491474151611328e-05,4434.0702,13.54064,2312
238,1.5400844812393188,1.540059208869934,2.5272369384765625e-05,4448.1972,14.126924,2390
239,1.5581061840057373,1.5580806732177734,2.5510787963867188e-05,4462.9123,14.715183,2504
240,1.586733102798462,1.5867069959640503,2.6106834411621094e-05,4477.7993,14.886927,2528
241,3.9900882244110107,3.990060329437256,2.7894973754882812e-05,4493.0313,15.232051,2588
242,4.950345039367676,4.9503173828125,2.765655517578125e-05,4510.6335,17.602179,2990
243,5.634554862976074,5.634527683258057,2.7179718017578125e-05,4529.8356,19.202065,3254
244,6.182763576507568,6.182736873626709,2.6702880859375e-05,4550.916,21.080421,3602
245,6.609318256378174,6.609292030334473,2.6226043701171875e-05,4572.9706,22.054637,3548
246,6.91010856628418,6.910083770751953,2.47955322265625e-05,4596.3548,23.384157,3764
247,7.084787368774414,7.084763526916504,2.384185791015625e-05,4620.0072,23.652457,3974
248,7.141831398010254,7.14180850982666,2.288818359375e-05,4646.5885,26.581243,4502
249,7.097692012786865,7.0976691246032715,2.288818359375e-05,4671.8099,25.221421,4280
250,6.973581790924072,6.97355842590332,2.3365020751953125e-05,4696.7392,24.929327,4256
251,6.79355001449585,6.793525695800781,2.4318695068359375e-05,4725.341,28.601766,4466
252,6.5787248611450195,6.578699588775635,2.5272369384765625e-05,4753.0746,27.733578,4490
253,6.346190929412842,6.346164226531982,2.6702880859375e-05,4782.0339,28.959287,4940
254,6.107571601867676,6.1075439453125,2.765655517578125e-05,4816.393,34.359147,5312
255,5.870523452758789,5.870494842529297,2.86102294921875e-05,4846.4081,30.015063,5066
256,5.639593601226807,5.639564514160156,2.9087066650390625e-05,4877.0398,30.631719,5192
257,5.418184280395508,5.418155193328857,2.9087066650390625e-05,4903.1746,26.134806,4424
258,5.207921981811523,5.207892894744873,2.9087066650390625e-05,4930.0389,26.864287,4580
259,5.009958267211914,5.009929180145264,2.9087066650390625e-05,4955.909,25.870097,4418
260,4.824836730957031,4.824808120727539,2.86102294921875e-05,4982.3252,26.416203,4520
261,4.653317451477051,4.653289318084717,2.8133392333984375e-05,5018.4213,36.096151,4424
262,4.4958624839782715,4.495835304260254,2.7179718017578125e-05,5048.8786,30.45728,4472
263,4.353463172912598,4.353436470031738,2.6702880859375e-05,5081.5041,32.625487,4442
264,4.226900100708008,4.226873874664307,2.6226043701171875e-05,5111.1687,29.664651,4586
265,4.117076873779297,4.117050647735596,2.6226043701171875e-05,5140.5699,29.401137,4598
266,4.024314880371094,4.024289131164551,2.574920654296875e-05,5170.0449,29.474974,4628
267,3.9486684799194336,3.948643207550049,2.5272369384765625e-05,5199.3516,29.306757,4604
268,3.88942813873291,3.8894033432006836,2.47955322265625e-05,5227.9301,28.578466,4484
269,3.8452272415161133,3.845202684402466,2.4557113647460938e-05,5256.6704,28.740289,4562
270,3.814276695251465,3.8142526149749756,2.4080276489257812e-05,5284.8729,28.202531,4430
271,3.7942488193511963,3.7942252159118652,2.3603439331054688e-05,5313.7198,28.846865,4490
272,3.782564640045166,3.782541275024414,2.3365020751953125e-05,5340.1356,26.415808,4322
273,3.776822805404663,3.7767996788024902,2.3126602172851562e-05,5365.6545,25.518955,4190
274,3.774592161178589,3.774569272994995,2.288818359375e-05,5391.3574,25.702835,4214
275,3.773850679397583,3.7738280296325684,2.2649765014648438e-05,5419.8096,28.452285,4100
276,3.7729098796844482,3.7728872299194336,2.2649765014648438e-05,5445.2795,25.469871,4034
277,3.770538091659546,3.7705156803131104,2.2411346435546875e-05,5469.5392,24.259721,4028
278,3.7658393383026123,3.7658169269561768,2.2411346435546875e-05,5493.3551,23.815893,3902
279,3.7583701610565186,3.758347749710083,2.2411346435546875e-05,5517.4872,24.132092,3992
280,3.7479588985443115,3.747936487197876,2.2411346435546875e-05,5540.8756,23.388416,3872
281,3.7348546981811523,3.734832286834717,2.2411346435546875e-05,5564.6921,23.816412,3932
282,3.7192695140838623,3.7192471027374268,2.2411346435546875e-05,5588.1624,23.470339,3908
283,3.701772451400757,3.7017500400543213,2.2411346435546875e-05,5612.3142,24.15179,3968
284,3.6828622817993164,3.682839870452881,2.2411346435546875e-05,5637.0303,24.716132,4058
285,3.6631157398223877,3.663093328475952,2.2411346435546875e-05,5660.633,23.602725,3884
286,3.6430623531341553,3.6430399417877197,2.2411346435546875e-05,5685.8042,25.171206,4058
287,3.6231393814086914,3.6231167316436768,2.2649765014648438e-05,5709.4296,23.625338,3830
288,3.6037487983703613,3.6037261486053467,2.2649765014648438e-05,5733.6838,24.254241,3998
289,3.5852060317993164,3.5851833820343018,2.2649765014648438e-05,5760.3367,26.652926,4022
290,3.5677123069763184,3.5676896572113037,2.2649765014648438e-05,5791.5113,31.174519,4046
291,3.551346778869629,3.5513241291046143,2.2649765014648438e-05,5817.5377,26.026419,3968
292,3.53607177734375,3.5360491275787354,2.2649765014648438e-05,5843.6095,26.071789,3956
293,3.5219228267669678,3.521900177001953,2.2649765014648438e-05,5870.5418,26.932341,4112
294,3.508801221847534,3.5087785720825195,2.2649765014648438e-05,5897.8354,27.293607,4190
295,3.4965627193450928,3.496540069580078,2.2649765014648438e-05,5924.4122,26.576787,4088
296,3.485030174255371,3.4850075244903564,2.2649765014648438e-05,5951.2385,26.826301,4178
297,3.4741318225860596,3.474109172821045,2.2649765014648438e-05,5977.0416,25.803081,3956
298,3.4638161659240723,3.4637935161590576,2.2649765014648438e-05,6004.0047,26.963089,4214
299,3.453855037689209,3.4538326263427734,2.2411346435546875e-05,6029.6539,25.64923,4184
300,3.4442942142486572,3.4442718029022217,2.2411346435546875e-05,6055.243,25.589128,4166
301,3.434990406036377,3.4349682331085205,2.2172927856445312e-05,6081.0226,25.779567,4244
302,3.4259192943573,3.4258971214294434,2.2172927856445312e-05,6106.4452,25.422582,4226
303,3.417084217071533,3.417062282562256,2.193450927734375e-05,6131.8195,25.374362,4208
304,3.4084465503692627,3.4084246158599854,2.193450927734375e-05,6156.5975,24.777943,4094
305,3.400047779083252,3.4000260829925537,2.1696090698242188e-05,6183.6684,27.07092,4256
306,3.3918023109436035,3.3917806148529053,2.1696090698242188e-05,6221.2512,37.582761,4154
307,3.383697271347046,3.3836758136749268,2.1457672119140625e-05,6249.7321,28.48091,4094
308,3.375847816467285,3.375826358795166,2.1457672119140625e-05,6277.0842,27.352113,4148
309,3.3681318759918213,3.3681106567382812,2.1219253540039062e-05,6304.5931,27.50889,4148
310,3.360628366470337,3.360607147216797,2.1219253540039062e-05,6331.2231,26.630028,3992
311,3.353285074234009,3.353264093399048,2.09808349609375e-05,6357.582,26.358924,4034
312,3.346092939376831,3.34607195854187,2.09808349609375e-05,6385.4394,27.857341,4244
313,3.338991641998291,3.338970899581909,2.0742416381835938e-05,6411.7104,26.270997,4016
314,3.332097053527832,3.33207631111145,2.0742416381835938e-05,6438.0227,26.312321,4070
315,3.3252739906311035,3.3252532482147217,2.0742416381835938e-05,6463.5175,25.494793,4100
316,3.318556070327759,3.318535566329956,2.0503997802734375e-05,6488.9504,25.432943,4124
317,3.3119852542877197,3.311964750289917,2.0503997802734375e-05,6514.2045,25.254116,4100
318,3.3054773807525635,3.30545711517334,2.0265579223632812e-05,6540.4505,26.245968,4076
319,3.299034595489502,3.2990143299102783,2.0265579223632812e-05,6567.6781,27.227602,3938
320,3.292771816253662,3.2927515506744385,2.0265579223632812e-05,6592.2446,24.566463,4028
321,3.28652024269104,3.2865002155303955,2.002716064453125e-05,6616.3764,24.131831,3938
322,3.280423402786255,3.2804033756256104,2.002716064453125e-05,6641.0597,24.683242,4040
323,3.274339437484741,3.2743194103240967,2.002716064453125e-05,6667.1326,26.072957,4076
324,3.268368721008301,3.2683489322662354,1.9788742065429688e-05,6690.5743,23.441665,3782
325,3.2625489234924316,3.262529134750366,1.9788742065429688e-05,6714.4309,23.856655,3872
326,3.25675368309021,3.2567338943481445,1.9788742065429688e-05,6738.5937,24.162768,3956
327,3.2511160373687744,3.251096487045288,1.9550323486328125e-05,6762.4829,23.889191,3914
328,3.245520830154419,3.2455012798309326,1.9550323486328125e-05,6786.3464,23.863531,3914
329,3.2400693893432617,3.2400498390197754,1.9550323486328125e-05,6811.4917,25.14531,4076
330,3.234693765640259,3.2346744537353516,1.9311904907226562e-05,6835.8024,24.310688,3998
331,3.2293877601623535,3.2293684482574463,1.9311904907226562e-05,6860.1965,24.394123,4010
332,3.224243402481079,3.224224090576172,1.9311904907226562e-05,6884.2968,24.100239,3938
333,3.219111680984497,3.219092607498169,1.9073486328125e-05,6913.0638,28.767041,4142
334,3.2140748500823975,3.2140557765960693,1.9073486328125e-05,6939.0527,25.988879,4064
335,3.209167003631592,3.2091479301452637,1.9073486328125e-05,6964.0523,24.999585,4040
336,3.204277992248535,3.204259157180786,1.8835067749023438e-05,6988.472,24.419702,3896
337,3.1995553970336914,3.1995365619659424,1.8835067749023438e-05,7013.0999,24.627937,4004
338,3.1948087215423584,3.1947898864746094,1.8835067749023438e-05,7037.803,24.703124,3926
339,3.1901938915252686,3.1901750564575195,1.8835067749023438e-05,7062.7715,24.968441,4016
340,3.1855664253234863,3.1855478286743164,1.8596649169921875e-05,7087.3985,24.626984,3980
341,3.181058406829834,3.181039810180664,1.8596649169921875e-05,7112.5615,25.163052,3974
342,3.1765902042388916,3.1765716075897217,1.8596649169921875e-05,7137.221,24.65945,3974
343,3.172196626663208,3.172178030014038,1.8596649169921875e-05,7162.2901,25.06915,4028
344,3.1678383350372314,3.1678199768066406,1.8358230590820312e-05,7186.902,24.611828,3944
345,3.1635403633117676,3.1635220050811768,1.8358230590820312e-05,7211.758,24.856013,4028
346,3.1592695713043213,3.1592512130737305,1.8358230590820312e-05,7237.122,25.36407,4148
347,3.155066967010498,3.1550486087799072,1.8358230590820312e-05,7266.2197,29.097652,4088
348,3.150897979736328,3.1508796215057373,1.8358230590820312e-05,7293.106,26.886349,4124
349,3.1467831134796143,3.1467647552490234,1.8358230590820312e-05,7316.8029,23.696848,3872
350,3.142707586288452,3.1426892280578613,1.8358230590820312e-05,7342.1052,25.30227,4076
351,3.1387157440185547,3.138697624206543,1.811981201171875e-05,7366.8472,24.742076,4016
352,3.134713888168335,3.1346957683563232,1.811981201171875e-05,7391.1583,24.311045,3980
353,3.130809783935547,3.130791664123535,1.811981201171875e-05,7417.2674,26.109079,3938
354,3.126908302307129,3.126890182495117,1.811981201171875e-05,7441.9448,24.67745,3992
355,3.1230757236480713,3.1230576038360596,1.811981201171875e-05,7466.3793,24.434469,3986
356,3.119264602661133,3.119246482849121,1.811981201171875e-05,7490.3699,23.9906,3932
357,3.115541934967041,3.1155238151550293,1.811981201171875e-05,7514.3155,23.945663,3902
358,3.1118383407592773,3.1118202209472656,1.811981201171875e-05,7537.5987,23.283119,3800
359,3.108160972595215,3.108142852783203,1.811981201171875e-05,7561.725,24.126354,3950
360,3.104468822479248,3.1044507026672363,1.811981201171875e-05,7586.7659,25.04093,4100
361,3.1009204387664795,3.1009023189544678,1.811981201171875e-05,7613.0415,26.275608,3956
362,3.097353935241699,3.0973358154296875,1.811981201171875e-05,7642.7038,29.662247,3854
363,3.0937936305999756,3.093775510787964,1.811981201171875e-05,7667.5171,24.813267,3860
364,3.0903308391571045,3.090312957763672,1.7881393432617188e-05,7692.6162,25.099138,3890
365,3.0868873596191406,3.086869478225708,1.7881393432617188e-05,7717.6742,25.05805,3848
366,3.0834550857543945,3.083437204360962,1.7881393432617188e-05,7742.9534,25.279138,3866
367,3.08005952835083,3.0800416469573975,1.7881393432617188e-05,7768.5728,25.619414,3962
368,3.0766873359680176,3.076669454574585,1.7881393432617188e-05,7793.6804,25.107558,3866
369,3.0733580589294434,3.0733401775360107,1.7881393432617188e-05,7818.74,25.059611,3878
370,3.07004451751709,3.0700266361236572,1.7881393432617188e-05,7843.9444,25.204403,3878
371,3.066779851913452,3.0667619705200195,1.7881393432617188e-05,7870.0376,26.093204,4052
372,3.0635581016540527,3.06354022026062,1.7881393432617188e-05,7894.6936,24.656019,3956
373,3.0603528022766113,3.0603349208831787,1.7881393432617188e-05,7920.3754,25.681822,3950
374,3.0571587085723877,3.057140827178955,1.7881393432617188e-05,7949.6255,29.250091,3884
375,3.054060935974121,3.0540430545806885,1.7881393432617188e-05,7984.1325,34.507001,3872
376,3.050922155380249,3.0509042739868164,1.7881393432617188e-05,8011.392,27.259478,3944
377,3.0478193759918213,3.0478014945983887,1.7881393432617188e-05,8037.2365,25.844511,3932
378,3.0447275638580322,3.0447099208831787,1.7642974853515625e-05,8068.1317,30.895205,3866
379,3.041708469390869,3.0416908264160156,1.7642974853515625e-05,8099.4628,31.331089,3956
380,3.0387136936187744,3.038696050643921,1.7642974853515625e-05,8132.8428,33.379966,3944
381,3.0356757640838623,3.035658121109009,1.7642974853515625e-05,8170.699,37.856232,3950
382,3.0327255725860596,3.032707929611206,1.7642974853515625e-05,8207.5859,36.886878,4016
383,3.029780626296997,3.0297629833221436,1.7642974853515625e-05,8243.6662,36.080338,3818
384,3.0269110202789307,3.026893377304077,1.7642974853515625e-05,8280.8036,37.137413,3956
385,3.023989200592041,3.0239715576171875,1.7642974853515625e-05,8317.1378,36.3342,3962
386,3.0210886001586914,3.021070957183838,1.7642974853515625e-05,8355.8279,38.690039,3914
387,3.0182666778564453,3.018249034881592,1.7642974853515625e-05,8399.0846,43.256764,3848
388,3.0153920650482178,3.0153744220733643,1.7642974853515625e-05,8436.0148,36.930207,3908
389,3.0125582218170166,3.012540578842163,1.7642974853515625e-05,8469.4914,33.476576,3842
390,3.009787082672119,3.0097694396972656,1.7642974853515625e-05,8502.8753,33.383867,3866
391,3.007045030593872,3.0070273876190186,1.7642974853515625e-05,8540.3706,37.495281,3914
392,3.004265069961548,3.0042474269866943,1.7642974853515625e-05,8576.3521,35.981534,3950
393,3.001537322998047,3.0015196800231934,1.7642974853515625e-05,8615.0493,38.697249,3944
394,2.9988226890563965,2.998805046081543,1.7642974853515625e-05,8651.3833,36.334004,3890
395,2.9961462020874023,2.996128559112549,1.7642974853515625e-05,8694.7704,43.38703,3902
396,2.993461847305298,2.9934442043304443,1.7642974853515625e-05,8729.783,35.012649,3782
397,2.990776300430298,2.9907586574554443,1.7642974853515625e-05,8765.2699,35.486923,3992
398,2.9881255626678467,2.988107919692993,1.7642974853515625e-05,8801.0396,35.76966,3938
399,2.9855003356933594,2.985482931137085,1.7404556274414062e-05,8837.0008,35.961197,3884
400,2.9829232692718506,2.982905864715576,1.7404556274414062e-05,8876.9638,39.962973,3812
401,2.9803147315979004,2.980297327041626,1.7404556274414062e-05,8904.5499,27.586164,3818
402,2.977748155593872,2.9777307510375977,1.7404556274414062e-05,8931.7558,27.205875,3866
403,2.97515869140625,2.9751412868499756,1.7404556274414062e-05,8958.4639,26.708093,3818
404,2.972646713256836,2.9726293087005615,1.7404556274414062e-05,8984.4366,25.972736,3866
405,2.9700851440429688,2.9700677394866943,1.7404556274414062e-05,9010.2514,25.814731,3974
406,2.9676015377044678,2.9675841331481934,1.7404556274414062e-05,9036.3123,26.060902,3866
407,2.9650747776031494,2.965057373046875,1.7404556274414062e-05,9064.603,28.290737,3788
408,2.962587833404541,2.9625704288482666,1.7404556274414062e-05,9093.1311,28.528077,3824
409,2.960153579711914,2.9601361751556396,1.7404556274414062e-05,9119.8918,26.760708,3830
410,2.9576780796051025,2.957660675048828,1.7404556274414062e-05,9149.5755,29.683705,3824
411,2.955254554748535,2.9552371501922607,1.7404556274414062e-05,9179.1915,29.615956,3776
412,2.952803373336792,2.9527859687805176,1.7404556274414062e-05,9207.6821,28.490689,3812
413,2.9503839015960693,2.950366497039795,1.7404556274414062e-05,9234.258,26.575835,3824
414,2.9479751586914062,2.947957754135132,1.7404556274414062e-05,9261.331,27.073051,3824
415,2.945610523223877,2.9455931186676025,1.7404556274414062e-05,9296.0359,34.704845,3848
416,2.9432010650634766,2.943183660507202,1.7404556274414062e-05,9323.728,27.692128,3914
417,2.9408533573150635,2.940835952758789,1.7404556274414062e-05,9352.1058,28.377833,3716
418,2.9384865760803223,2.938469171524048,1.7404556274414062e-05,9386.6397,34.533833,3926
419,2.936115026473999,2.9360976219177246,1.7404556274414062e-05,9420.908,34.268286,3668
420,2.933810234069824,2.93379282951355,1.7404556274414062e-05,9452.267,31.359083,3746
421,2.93145751953125,2.9314401149749756,1.7404556274414062e-05,9481.1523,28.885248,3758
422,2.9291470050811768,2.9291296005249023,1.7404556274414062e-05,9509.9416,28.789289,3836
423,2.92684268951416,2.9268252849578857,1.7404556274414062e-05,9536.8856,26.94404,3698
424,2.9245660305023193,2.924548625946045,1.7404556274414062e-05,9564.0758,27.190165,3788
425,2.9222569465637207,2.9222395420074463,1.7404556274414062e-05,9591.1082,27.032388,3728
426,2.9199748039245605,2.919957399368286,1.7404556274414062e-05,9625.8732,34.764991,3908
427,2.917682647705078,2.9176652431488037,1.7404556274414062e-05,9662.3752,36.502069,3794
428,2.915431261062622,2.9154138565063477,1.7404556274414062e-05,9700.6521,38.276897,3854
429,2.9132118225097656,2.913194417953491,1.7404556274414062e-05,9740.8847,40.23262,3836
430,2.9109368324279785,2.910919427871704,1.7404556274414062e-05,9769.8944,29.00966,3944
431,2.9087634086608887,2.9087460041046143,1.7404556274414062e-05,9796.3112,26.416769,3716
432,2.90651273727417,2.9064953327178955,1.7404556274414062e-05,9823.3696,27.0584,3908
433,2.9042978286743164,2.904280424118042,1.7404556274414062e-05,9849.8518,26.482263,3830
434,2.9020767211914062,2.902059316635132,1.7404556274414062e-05,9876.9492,27.097332,3830
435,2.899895668029785,2.8998782634735107,1.7404556274414062e-05,9903.5167,26.567524,3800
436,2.8977019786834717,2.8976845741271973,1.7404556274414062e-05,9930.3111,26.794376,3794
437,2.895498275756836,2.8954808712005615,1.7404556274414062e-05,9957.1051,26.794015,3824
438,2.8933308124542236,2.893313407897949,1.7404556274414062e-05,9984.9095,27.804461,3980
439,2.8911776542663574,2.891160249710083,1.7404556274414062e-05,10013.1968,28.287255,3992
440,2.888993263244629,2.8889758586883545,1.7404556274414062e-05,10042.0131,28.816324,3890
441,2.8868186473846436,2.886801242828369,1.7404556274414062e-05,10068.9248,26.911656,3854
442,2.8846938610076904,2.884676456451416,1.7404556274414062e-05,10094.926,26.001191,3818
443,2.8825600147247314,2.882542610168457,1.7404556274414062e-05,10125.3023,30.376279,3926
444,2.8803820610046387,2.8803646564483643,1.7404556274414062e-05,10160.8362,35.533922,3944
445,2.8782877922058105,2.878270149230957,1.7642974853515625e-05,10199.6671,38.830914,3836
446,2.8761372566223145,2.876119613647461,1.7642974853515625e-05,10251.9311,52.263965,3944
447,2.8740220069885254,2.874004364013672,1.7642974853515625e-05,10305.9349,54.003837,3986
448,2.8719115257263184,2.871893882751465,1.7642974853515625e-05,10335.9047,29.969776,3896
449,2.869793653488159,2.8697760105133057,1.7642974853515625e-05,10364.8715,28.966864,3872
450,2.8676750659942627,2.867657423019409,1.7642974853515625e-05,10393.738,28.866486,3764
451,2.8655636310577393,2.8655459880828857,1.7642974853515625e-05,10422.9995,29.261446,3932
452,2.863471269607544,2.8634536266326904,1.7642974853515625e-05,10453.289,30.289539,3848
453,2.861396074295044,2.8613784313201904,1.7642974853515625e-05,10483.5858,30.296786,3854
454,2.8592934608459473,2.8592758178710938,1.7642974853515625e-05,10510.9499,27.364072,3932
455,2.857201099395752,2.8571834564208984,1.7642974853515625e-05,10536.6313,25.681458,3944
456,2.85514235496521,2.8551247119903564,1.7642974853515625e-05,10561.7447,25.113411,3854
457,2.8530070781707764,2.8529891967773438,1.7881393432617188e-05,10586.4555,24.71082,3770
458,2.8509607315063477,2.850942850112915,1.7881393432617188e-05,10611.854,25.398439,3920
459,2.848916530609131,2.8488986492156982,1.7881393432617188e-05,10637.1641,25.310096,3872
460,2.846823215484619,2.8468053340911865,1.7881393432617188e-05,10662.8573,25.693205,3986
461,2.8447861671447754,2.8447682857513428,1.7881393432617188e-05,10688.2595,25.402256,3944
462,2.842726469039917,2.8427085876464844,1.7881393432617188e-05,10713.8018,25.54227,3896
463,2.840670347213745,2.8406524658203125,1.7881393432617188e-05,10739.5831,25.781314,3824
464,2.8386101722717285,2.838592290878296,1.7881393432617188e-05,10766.237,26.653885,3842
465,2.8365445137023926,2.83652663230896,1.7881393432617188e-05,10793.3873,27.150256,3944
466,2.8344802856445312,2.8344621658325195,1.811981201171875e-05,10821.9482,28.56098,4028
467,2.832429885864258,2.832411766052246,1.811981201171875e-05,10853.4095,31.461298,3968
468,2.830366849899292,2.8303487300872803,1.811981201171875e-05,10881.3928,27.98329,3872
469,2.828357696533203,2.8283395767211914,1.811981201171875e-05,10910.0451,28.652306,3950
470,2.826284170150757,2.826266050338745,1.811981201171875e-05,10948.9759,38.930788,3764
471,2.82425856590271,2.8242404460906982,1.811981201171875e-05,10980.8844,31.90843,3998
472,2.822188377380371,2.8221702575683594,1.811981201171875e-05,11013.5293,32.644911,3824
473,2.820171594619751,2.8201534748077393,1.811981201171875e-05,11043.3521,29.822782,3830
474,2.818124532699585,2.818106174468994,1.8358230590820312e-05,11073.5841,30.232024,3818
475,2.8161141872406006,2.8160958290100098,1.8358230590820312e-05,11104.9645,31.380414,3998
476,2.8140196800231934,2.8140013217926025,1.8358230590820312e-05,11135.7047,30.740162,3860
477,2.812021255493164,2.8120028972625732,1.8358230590820312e-05,11164.1594,28.454698,3788
478,2.8100063800811768,2.809988021850586,1.8358230590820312e-05,11199.0001,34.840698,3782
479,2.8079164028167725,2.8078980445861816,1.8358230590820312e-05,11232.6127,33.612604,3908
480,2.8058414459228516,2.8058230876922607,1.8358230590820312e-05,11263.4438,30.831157,4028
481,2.8038604259490967,2.8038418292999268,1.8596649169921875e-05,11293.4204,29.97659,3980
482,2.8018007278442383,2.8017821311950684,1.8596649169921875e-05,11323.4106,29.990198,3884
483,2.799786329269409,2.7997677326202393,1.8596649169921875e-05,11358.122,34.71145,3998
484,2.7976927757263184,2.7976741790771484,1.8596649169921875e-05,11390.1191,31.997064,3866
485,2.795675754547119,2.795657157897949,1.8596649169921875e-05,11417.9444,27.825318,3938
486,2.7936201095581055,2.7936015129089355,1.8596649169921875e-05,11449.2581,31.313649,3908
487,2.79160475730896,2.79158616065979,1.8596649169921875e-05,11485.3857,36.127595,3836
488,2.7895233631134033,2.7895045280456543,1.8835067749023438e-05,11516.3438,30.958139,3932
489,2.787487030029297,2.787468194961548,1.8835067749023438e-05,11550.3584,34.014564,4004
490,2.7854151725769043,2.7853963375091553,1.8835067749023438e-05,11579.6559,29.29749,3800
491,2.7833712100982666,2.7833523750305176,1.8835067749023438e-05,11608.1882,28.53234,3776
492,2.781341791152954,2.781322956085205,1.8835067749023438e-05,11638.5139,30.325702,3938
493,2.7792558670043945,2.7792370319366455,1.8835067749023438e-05,11667.9789,29.465032,3902
494,2.777172565460205,2.777153730392456,1.8835067749023438e-05,11697.6347,29.655716,3980
495,2.7751548290252686,2.7751357555389404,1.9073486328125e-05,11727.4046,29.769926,3938
496,2.773033618927002,2.773014545440674,1.9073486328125e-05,11756.1405,28.735867,3728
497,2.770962953567505,2.7709438800811768,1.9073486328125e-05,11785.4553,29.314812,3878
498,2.768888473510742,2.768869400024414,1.9073486328125e-05,11817.5704,32.115136,3806
499,2.766831159591675,2.7668120861053467,1.9073486328125e-05,11849.3366,31.766164,3758
500,2.7647664546966553,2.764747381210327,1.9073486328125e-05,16.8711,16.871148,3788
501,2.7626144886016846,2.7625954151153564,1.9073486328125e-05,33.0165,16.145322,3794
502,2.7605369091033936,2.7605175971984863,1.9311904907226562e-05,49.7114,16.694904,3860
503,2.758430242538452,2.758410930633545,1.9311904907226562e-05,66.2031,16.491753,3848
504,2.756354808807373,2.756335496902466,1.9311904907226562e-05,82.7562,16.553055,3836
505,2.7542495727539062,2.754230260848999,1.9311904907226562e-05,98.7618,16.005593,3806
506,2.7521414756774902,2.752122163772583,1.9311904907226562e-05,114.3306,15.568784,3776
507,2.7500345706939697,2.7500152587890625,1.9311904907226562e-05,129.9862,15.655622,3860
508,2.747915506362915,2.7478959560394287,1.9550323486328125e-05,145.5924,15.606204,3764
509,2.7457432746887207,2.7457237243652344,1.9550323486328125e-05,162.0945,16.502128,3794
510,2.7436025142669678,2.7435829639434814,1.9550323486328125e-05,178.3148,16.22028,3734
511,2.741438627243042,2.7414190769195557,1.9550323486328125e-05,197.2587,18.943937,3830
512,2.739344835281372,2.7393252849578857,1.9550323486328125e-05,215.7949,18.536128,3818
513,2.7371795177459717,2.7371599674224854,1.9550323486328125e-05,233.7087,17.913796,3794
514,2.7349965572357178,2.7349770069122314,1.9550323486328125e-05,251.4065,17.69788,3788
515,2.732811689376831,2.7327919006347656,1.9788742065429688e-05,268.4199,17.013385,3644
516,2.7306454181671143,2.730625629425049,1.9788742065429688e-05,285.7063,17.286421,3764
517,2.728442907333374,2.7284231185913086,1.9788742065429688e-05,302.7292,17.022836,3830
518,2.726245403289795,2.7262256145477295,1.9788742065429688e-05,320.5987,17.869531,3800
519,2.724048376083374,2.7240285873413086,1.9788742065429688e-05,340.5311,19.932354,3842
520,2.7218306064605713,2.721810817718506,1.9788742065429688e-05,357.9188,17.387714,3728
521,2.7196054458618164,2.719585418701172,2.002716064453125e-05,375.3931,17.474296,3734
522,2.7173569202423096,2.717336893081665,2.002716064453125e-05,393.6296,18.236491,3758
523,2.7151122093200684,2.715092182159424,2.002716064453125e-05,410.2006,16.571035,3764
524,2.712829113006592,2.7128090858459473,2.002716064453125e-05,426.1896,15.989009,3722
525,2.7105672359466553,2.7105472087860107,2.002716064453125e-05,442.5804,16.39079,3722
526,2.708308219909668,2.7082881927490234,2.002716064453125e-05,459.2799,16.699513,3722
527,2.706007719039917,2.7059874534606934,2.0265579223632812e-05,475.7902,16.510295,3758
528,2.703730344772339,2.7037100791931152,2.0265579223632812e-05,492.713,16.922749,3770
529,2.7013919353485107,2.701371669769287,2.0265579223632812e-05,510.4237,17.710781,3746
530,2.699054002761841,2.699033737182617,2.0265579223632812e-05,527.8788,17.455072,3644
531,2.6966817378997803,2.6966614723205566,2.0265579223632812e-05,544.4571,16.578342,3734
532,2.6943109035491943,2.6942906379699707,2.0265579223632812e-05,562.7761,18.318933,3752
533,2.6919710636138916,2.691950798034668,2.0265579223632812e-05,580.8575,18.081462,3740
534,2.6895551681518555,2.6895346641540527,2.0503997802734375e-05,598.6085,17.750987,3752
535,2.6871378421783447,2.687117338180542,2.0503997802734375e-05,614.7077,16.099173,3686
536,2.684709072113037,2.6846885681152344,2.0503997802734375e-05,631.609,16.901297,3848
537,2.6822969913482666,2.682276487350464,2.0503997802734375e-05,648.6955,17.08646,3788
538,2.6798512935638428,2.67983078956604,2.0503997802734375e-05,666.5028,17.807336,3818
539,2.6773746013641357,2.677353858947754,2.0742416381835938e-05,685.4285,18.92571,3806
540,2.67488169670105,2.674860954284668,2.0742416381835938e-05,710.4841,25.055546,3782
541,2.6723713874816895,2.6723506450653076,2.0742416381835938e-05,732.6769,22.192856,3716
542,2.669827461242676,2.669806718826294,2.0742416381835938e-05,751.8793,19.202393,3758
543,2.667283773422241,2.6672630310058594,2.0742416381835938e-05,770.2013,18.32203,3770
544,2.664693593978882,2.6646728515625,2.0742416381835938e-05,789.9517,19.750331,3710
545,2.6620991230010986,2.6620781421661377,2.09808349609375e-05,811.4248,21.473091,3692
546,2.659501791000366,2.6594808101654053,2.09808349609375e-05,835.0041,23.579355,3722
547,2.6568667888641357,2.656845808029175,2.09808349609375e-05,855.6095,20.605354,3728
548,2.654174327850342,2.654153347015381,2.09808349609375e-05,875.3466,19.737181,3698
549,2.651517391204834,2.651496410369873,2.09808349609375e-05,896.1041,20.757446,3740
550,2.64880633354187,2.64878511428833,2.1219253540039062e-05,918.0971,21.993042,3746
551,2.6460695266723633,2.6460483074188232,2.1219253540039062e-05,939.0649,20.967725,3776
552,2.643312931060791,2.643291711807251,2.1219253540039062e-05,961.2792,22.214329,3632
553,2.6405417919158936,2.6405205726623535,2.1219253540039062e-05,984.2603,22.981149,3746
554,2.6377170085906982,2.637695789337158,2.1219253540039062e-05,1012.6015,28.341182,3716
555,2.634864330291748,2.634842872619629,2.1457672119140625e-05,1035.1449,22.543342,3734
